2025-09-26 19:23:35,073 - INFO - Логирование настроено успешно
2025-09-26 19:23:35,073 - INFO - === Запуск Screenshot Service ===
2025-09-26 19:23:35,073 - INFO - Инициализация ScreenshotService...
2025-09-26 19:23:35,333 - ERROR - Ошибка запуска службы: cannot import name 'TaskScheduler' from 'task_scheduler' (X:\works_project\screenshoter\task_scheduler.py)
2025-09-26 19:23:35,333 - ERROR - Traceback (most recent call last):
  File "X:\works_project\screenshoter\main.py", line 45, in start
    from task_scheduler import TaskScheduler
ImportError: cannot import name 'TaskScheduler' from 'task_scheduler' (X:\works_project\screenshoter\task_scheduler.py)

2025-09-26 19:23:35,334 - ERROR - Не удалось запустить службу
2025-09-26 19:23:35,334 - INFO - Остановка ScreenshotService
2025-09-26 19:23:35,334 - INFO - ScreenshotService остановлен
2025-09-26 19:23:35,334 - INFO - === Служба завершена ===
2025-09-26 19:23:37,461 - INFO - Логирование настроено успешно
2025-09-26 19:23:37,461 - INFO - === Запуск Screenshot Service ===
2025-09-26 19:23:37,461 - INFO - Инициализация ScreenshotService...
2025-09-26 19:23:37,720 - ERROR - Ошибка запуска службы: cannot import name 'TaskScheduler' from 'task_scheduler' (X:\works_project\screenshoter\task_scheduler.py)
2025-09-26 19:23:37,720 - ERROR - Traceback (most recent call last):
  File "X:\works_project\screenshoter\main.py", line 45, in start
    from task_scheduler import TaskScheduler
ImportError: cannot import name 'TaskScheduler' from 'task_scheduler' (X:\works_project\screenshoter\task_scheduler.py)

2025-09-26 19:23:37,720 - ERROR - Не удалось запустить службу
2025-09-26 19:23:37,721 - INFO - Остановка ScreenshotService
2025-09-26 19:23:37,721 - INFO - ScreenshotService остановлен
2025-09-26 19:23:37,721 - INFO - === Служба завершена ===
2025-09-26 19:23:41,847 - INFO - Логирование настроено успешно
2025-09-26 19:23:41,847 - INFO - === Запуск Screenshot Service ===
2025-09-26 19:23:41,847 - INFO - Инициализация ScreenshotService...
2025-09-26 19:23:42,105 - ERROR - Ошибка запуска службы: cannot import name 'TaskScheduler' from 'task_scheduler' (X:\works_project\screenshoter\task_scheduler.py)
2025-09-26 19:23:42,105 - ERROR - Traceback (most recent call last):
  File "X:\works_project\screenshoter\main.py", line 45, in start
    from task_scheduler import TaskScheduler
ImportError: cannot import name 'TaskScheduler' from 'task_scheduler' (X:\works_project\screenshoter\task_scheduler.py)

2025-09-26 19:23:42,105 - ERROR - Не удалось запустить службу
2025-09-26 19:23:42,105 - INFO - Остановка ScreenshotService
2025-09-26 19:23:42,105 - INFO - ScreenshotService остановлен
2025-09-26 19:23:42,107 - INFO - === Служба завершена ===
2025-09-26 19:23:50,232 - INFO - Логирование настроено успешно
2025-09-26 19:23:50,232 - INFO - === Запуск Screenshot Service ===
2025-09-26 19:23:50,232 - INFO - Инициализация ScreenshotService...
2025-09-26 19:23:50,498 - ERROR - Ошибка запуска службы: cannot import name 'TaskScheduler' from 'task_scheduler' (X:\works_project\screenshoter\task_scheduler.py)
2025-09-26 19:23:50,498 - ERROR - Traceback (most recent call last):
  File "X:\works_project\screenshoter\main.py", line 45, in start
    from task_scheduler import TaskScheduler
ImportError: cannot import name 'TaskScheduler' from 'task_scheduler' (X:\works_project\screenshoter\task_scheduler.py)

2025-09-26 19:23:50,498 - ERROR - Не удалось запустить службу
2025-09-26 19:23:50,498 - INFO - Остановка ScreenshotService
2025-09-26 19:23:50,499 - INFO - ScreenshotService остановлен
2025-09-26 19:23:50,499 - INFO - === Служба завершена ===
2025-09-26 19:24:06,623 - INFO - Логирование настроено успешно
2025-09-26 19:24:06,623 - INFO - === Запуск Screenshot Service ===
2025-09-26 19:24:06,623 - INFO - Инициализация ScreenshotService...
2025-09-26 19:24:06,892 - ERROR - Ошибка запуска службы: cannot import name 'TaskScheduler' from 'task_scheduler' (X:\works_project\screenshoter\task_scheduler.py)
2025-09-26 19:24:06,892 - ERROR - Traceback (most recent call last):
  File "X:\works_project\screenshoter\main.py", line 45, in start
    from task_scheduler import TaskScheduler
ImportError: cannot import name 'TaskScheduler' from 'task_scheduler' (X:\works_project\screenshoter\task_scheduler.py)

2025-09-26 19:24:06,892 - ERROR - Не удалось запустить службу
2025-09-26 19:24:06,893 - INFO - Остановка ScreenshotService
2025-09-26 19:24:06,893 - INFO - ScreenshotService остановлен
2025-09-26 19:24:06,893 - INFO - === Служба завершена ===
2025-09-26 19:24:39,030 - INFO - Логирование настроено успешно
2025-09-26 19:24:39,030 - INFO - === Запуск Screenshot Service ===
2025-09-26 19:24:39,030 - INFO - Инициализация ScreenshotService...
2025-09-26 19:24:39,329 - ERROR - Ошибка запуска службы: cannot import name 'TaskScheduler' from 'task_scheduler' (X:\works_project\screenshoter\task_scheduler.py)
2025-09-26 19:24:39,330 - ERROR - Traceback (most recent call last):
  File "X:\works_project\screenshoter\main.py", line 45, in start
    from task_scheduler import TaskScheduler
ImportError: cannot import name 'TaskScheduler' from 'task_scheduler' (X:\works_project\screenshoter\task_scheduler.py)

2025-09-26 19:24:39,330 - ERROR - Не удалось запустить службу
2025-09-26 19:24:39,330 - INFO - Остановка ScreenshotService
2025-09-26 19:24:39,330 - INFO - ScreenshotService остановлен
2025-09-26 19:24:39,330 - INFO - === Служба завершена ===
2025-09-26 19:25:43,461 - INFO - Логирование настроено успешно
2025-09-26 19:25:43,461 - INFO - === Запуск Screenshot Service ===
2025-09-26 19:25:43,461 - INFO - Инициализация ScreenshotService...
2025-09-26 19:25:43,735 - ERROR - Ошибка запуска службы: cannot import name 'TaskScheduler' from 'task_scheduler' (X:\works_project\screenshoter\task_scheduler.py)
2025-09-26 19:25:43,736 - ERROR - Traceback (most recent call last):
  File "X:\works_project\screenshoter\main.py", line 45, in start
    from task_scheduler import TaskScheduler
ImportError: cannot import name 'TaskScheduler' from 'task_scheduler' (X:\works_project\screenshoter\task_scheduler.py)

2025-09-26 19:25:43,736 - ERROR - Не удалось запустить службу
2025-09-26 19:25:43,736 - INFO - Остановка ScreenshotService
2025-09-26 19:25:43,736 - INFO - ScreenshotService остановлен
2025-09-26 19:25:43,736 - INFO - === Служба завершена ===
2025-09-26 19:27:20,524 - INFO - Логирование настроено успешно
2025-09-26 19:27:20,524 - INFO - === Запуск Screenshot Service ===
2025-09-26 19:27:20,525 - INFO - Инициализация ScreenshotService...
2025-09-26 19:27:20,791 - DEBUG - Looking up time zone info from registry
2025-09-26 19:27:20,805 - INFO - Scheduler started
2025-09-26 19:27:20,805 - DEBUG - Looking for jobs to run
2025-09-26 19:27:20,805 - INFO - Планировщик запущен
2025-09-26 19:27:20,805 - DEBUG - No jobs; waiting until a job is added
2025-09-26 19:27:20,805 - INFO - ScreenshotService успешно запущен
2025-09-26 19:27:20,806 - INFO - Служба запущена, вход в основной цикл...
2025-09-26 19:38:36,855 - INFO - Получен сигнал прерывания
2025-09-26 19:38:36,855 - INFO - Остановка ScreenshotService
2025-09-26 19:38:36,855 - INFO - Scheduler has been shut down
2025-09-26 19:38:36,855 - DEBUG - Looking for jobs to run
2025-09-26 19:38:36,856 - DEBUG - No jobs; waiting until a job is added
2025-09-26 19:38:36,856 - INFO - Планировщик остановлен
2025-09-26 19:38:36,856 - INFO - ScreenshotService остановлен
2025-09-26 19:38:36,856 - INFO - === Служба завершена ===
2025-09-26 19:38:36,856 - INFO - Планировщик остановлен
2025-09-26 19:40:39,563 - INFO - Логирование настроено успешно
2025-09-26 19:40:39,563 - INFO - === Запуск Screenshot Service ===
2025-09-26 19:40:39,563 - INFO - Инициализация ScreenshotService...
2025-09-26 19:40:39,837 - DEBUG - Looking up time zone info from registry
2025-09-26 19:40:39,843 - INFO - Scheduler started
2025-09-26 19:40:39,843 - DEBUG - Looking for jobs to run
2025-09-26 19:40:39,843 - INFO - Планировщик запущен
2025-09-26 19:40:39,843 - DEBUG - No jobs; waiting until a job is added
2025-09-26 19:40:39,843 - INFO - ScreenshotService успешно запущен
2025-09-26 19:40:39,844 - INFO - Служба запущена, вход в основной цикл...
2025-09-26 19:54:50,419 - INFO - Получен сигнал прерывания
2025-09-26 19:54:50,419 - INFO - Остановка ScreenshotService
2025-09-26 19:54:50,419 - INFO - Scheduler has been shut down
2025-09-26 19:54:50,419 - DEBUG - Looking for jobs to run
2025-09-26 19:54:50,420 - DEBUG - No jobs; waiting until a job is added
2025-09-26 19:54:50,420 - INFO - Планировщик остановлен
2025-09-26 19:54:50,420 - INFO - ScreenshotService остановлен
2025-09-26 19:54:50,420 - INFO - === Служба завершена ===
2025-09-26 19:54:50,420 - INFO - Планировщик остановлен
2025-09-28 21:36:00,553 - INFO - Логирование настроено успешно
2025-09-28 21:36:00,556 - INFO - === Запуск Screenshot Service ===
2025-09-28 21:36:00,556 - INFO - Инициализация ScreenshotService...
2025-09-28 21:36:01,283 - ERROR - Ошибка запуска службы: name 'config_path' is not defined
2025-09-28 21:36:01,283 - ERROR - Traceback (most recent call last):
  File "X:\works_project\screenshoter\main.py", line 46, in start
    self.scheduler = ScreenshotScheduler()
                     ^^^^^^^^^^^^^^^^^^^^^
  File "X:\works_project\screenshoter\task_scheduler.py", line 42, in __init__
    self.config_manager = ConfigManager(config_path)
                                        ^^^^^^^^^^^
NameError: name 'config_path' is not defined

2025-09-28 21:36:01,283 - ERROR - Не удалось запустить службу
2025-09-28 21:36:01,283 - INFO - Остановка ScreenshotService
2025-09-28 21:36:01,283 - INFO - ScreenshotService остановлен
2025-09-28 21:36:01,283 - INFO - === Служба завершена ===
2025-09-28 21:36:03,403 - INFO - Логирование настроено успешно
2025-09-28 21:36:03,413 - INFO - === Запуск Screenshot Service ===
2025-09-28 21:36:03,413 - INFO - Инициализация ScreenshotService...
2025-09-28 21:36:03,739 - ERROR - Ошибка запуска службы: name 'config_path' is not defined
2025-09-28 21:36:03,739 - ERROR - Traceback (most recent call last):
  File "X:\works_project\screenshoter\main.py", line 46, in start
    self.scheduler = ScreenshotScheduler()
                     ^^^^^^^^^^^^^^^^^^^^^
  File "X:\works_project\screenshoter\task_scheduler.py", line 42, in __init__
    self.config_manager = ConfigManager(config_path)
                                        ^^^^^^^^^^^
NameError: name 'config_path' is not defined

2025-09-28 21:36:03,739 - ERROR - Не удалось запустить службу
2025-09-28 21:36:03,739 - INFO - Остановка ScreenshotService
2025-09-28 21:36:03,739 - INFO - ScreenshotService остановлен
2025-09-28 21:36:03,739 - INFO - === Служба завершена ===
2025-09-28 21:36:08,014 - INFO - Логирование настроено успешно
2025-09-28 21:36:08,014 - INFO - === Запуск Screenshot Service ===
2025-09-28 21:36:08,014 - INFO - Инициализация ScreenshotService...
2025-09-28 21:36:08,331 - ERROR - Ошибка запуска службы: name 'config_path' is not defined
2025-09-28 21:36:08,332 - ERROR - Traceback (most recent call last):
  File "X:\works_project\screenshoter\main.py", line 46, in start
    self.scheduler = ScreenshotScheduler()
                     ^^^^^^^^^^^^^^^^^^^^^
  File "X:\works_project\screenshoter\task_scheduler.py", line 42, in __init__
    self.config_manager = ConfigManager(config_path)
                                        ^^^^^^^^^^^
NameError: name 'config_path' is not defined

2025-09-28 21:36:08,332 - ERROR - Не удалось запустить службу
2025-09-28 21:36:08,332 - INFO - Остановка ScreenshotService
2025-09-28 21:36:08,332 - INFO - ScreenshotService остановлен
2025-09-28 21:36:08,332 - INFO - === Служба завершена ===
2025-09-28 21:36:16,625 - INFO - Логирование настроено успешно
2025-09-28 21:36:16,625 - INFO - === Запуск Screenshot Service ===
2025-09-28 21:36:16,625 - INFO - Инициализация ScreenshotService...
2025-09-28 21:36:17,285 - ERROR - Ошибка запуска службы: name 'config_path' is not defined
2025-09-28 21:36:17,293 - ERROR - Traceback (most recent call last):
  File "X:\works_project\screenshoter\main.py", line 46, in start
    self.scheduler = ScreenshotScheduler()
                     ^^^^^^^^^^^^^^^^^^^^^
  File "X:\works_project\screenshoter\task_scheduler.py", line 42, in __init__
    self.config_manager = ConfigManager(config_path)
                                        ^^^^^^^^^^^
NameError: name 'config_path' is not defined

2025-09-28 21:36:17,294 - ERROR - Не удалось запустить службу
2025-09-28 21:36:17,294 - INFO - Остановка ScreenshotService
2025-09-28 21:36:17,294 - INFO - ScreenshotService остановлен
2025-09-28 21:36:17,294 - INFO - === Служба завершена ===
2025-09-28 21:36:33,424 - INFO - Логирование настроено успешно
2025-09-28 21:36:33,424 - INFO - === Запуск Screenshot Service ===
2025-09-28 21:36:33,424 - INFO - Инициализация ScreenshotService...
2025-09-28 21:36:33,720 - ERROR - Ошибка запуска службы: name 'config_path' is not defined
2025-09-28 21:36:33,721 - ERROR - Traceback (most recent call last):
  File "X:\works_project\screenshoter\main.py", line 46, in start
    self.scheduler = ScreenshotScheduler()
                     ^^^^^^^^^^^^^^^^^^^^^
  File "X:\works_project\screenshoter\task_scheduler.py", line 42, in __init__
    self.config_manager = ConfigManager(config_path)
                                        ^^^^^^^^^^^
NameError: name 'config_path' is not defined

2025-09-28 21:36:33,721 - ERROR - Не удалось запустить службу
2025-09-28 21:36:33,721 - INFO - Остановка ScreenshotService
2025-09-28 21:36:33,721 - INFO - ScreenshotService остановлен
2025-09-28 21:36:33,721 - INFO - === Служба завершена ===
2025-09-28 21:37:05,843 - INFO - Логирование настроено успешно
2025-09-28 21:37:05,843 - INFO - === Запуск Screenshot Service ===
2025-09-28 21:37:05,843 - INFO - Инициализация ScreenshotService...
2025-09-28 21:37:06,131 - ERROR - Ошибка запуска службы: name 'config_path' is not defined
2025-09-28 21:37:06,131 - ERROR - Traceback (most recent call last):
  File "X:\works_project\screenshoter\main.py", line 46, in start
    self.scheduler = ScreenshotScheduler()
                     ^^^^^^^^^^^^^^^^^^^^^
  File "X:\works_project\screenshoter\task_scheduler.py", line 42, in __init__
    self.config_manager = ConfigManager(config_path)
                                        ^^^^^^^^^^^
NameError: name 'config_path' is not defined

2025-09-28 21:37:06,131 - ERROR - Не удалось запустить службу
2025-09-28 21:37:06,132 - INFO - Остановка ScreenshotService
2025-09-28 21:37:06,132 - INFO - ScreenshotService остановлен
2025-09-28 21:37:06,132 - INFO - === Служба завершена ===
2025-09-28 21:38:10,337 - INFO - Логирование настроено успешно
2025-09-28 21:38:10,337 - INFO - === Запуск Screenshot Service ===
2025-09-28 21:38:10,337 - INFO - Инициализация ScreenshotService...
2025-09-28 21:38:10,892 - ERROR - Ошибка запуска службы: name 'config_path' is not defined
2025-09-28 21:38:10,904 - ERROR - Traceback (most recent call last):
  File "X:\works_project\screenshoter\main.py", line 46, in start
    self.scheduler = ScreenshotScheduler()
                     ^^^^^^^^^^^^^^^^^^^^^
  File "X:\works_project\screenshoter\task_scheduler.py", line 42, in __init__
    self.config_manager = ConfigManager(config_path)
                                        ^^^^^^^^^^^
NameError: name 'config_path' is not defined

2025-09-28 21:38:10,904 - ERROR - Не удалось запустить службу
2025-09-28 21:38:10,904 - INFO - Остановка ScreenshotService
2025-09-28 21:38:10,904 - INFO - ScreenshotService остановлен
2025-09-28 21:38:10,905 - INFO - === Служба завершена ===
2025-09-28 21:40:19,299 - INFO - Логирование настроено успешно
2025-09-28 21:40:19,299 - INFO - === Запуск Screenshot Service ===
2025-09-28 21:40:19,300 - INFO - Инициализация ScreenshotService...
2025-09-28 21:40:20,075 - ERROR - Ошибка запуска службы: name 'config_path' is not defined
2025-09-28 21:40:20,079 - ERROR - Traceback (most recent call last):
  File "X:\works_project\screenshoter\main.py", line 46, in start
    self.scheduler = ScreenshotScheduler()
                     ^^^^^^^^^^^^^^^^^^^^^
  File "X:\works_project\screenshoter\task_scheduler.py", line 42, in __init__
    self.config_manager = ConfigManager(config_path)
                                        ^^^^^^^^^^^
NameError: name 'config_path' is not defined

2025-09-28 21:40:20,079 - ERROR - Не удалось запустить службу
2025-09-28 21:40:20,079 - INFO - Остановка ScreenshotService
2025-09-28 21:40:20,080 - INFO - ScreenshotService остановлен
2025-09-28 21:40:20,080 - INFO - === Служба завершена ===
2025-09-28 21:42:28,397 - INFO - Логирование настроено успешно
2025-09-28 21:42:28,399 - INFO - === Запуск Screenshot Service ===
2025-09-28 21:42:28,399 - INFO - Инициализация ScreenshotService...
2025-09-28 21:42:28,845 - ERROR - Ошибка запуска службы: name 'config_path' is not defined
2025-09-28 21:42:28,847 - ERROR - Traceback (most recent call last):
  File "X:\works_project\screenshoter\main.py", line 46, in start
    self.scheduler = ScreenshotScheduler()
                     ^^^^^^^^^^^^^^^^^^^^^
  File "X:\works_project\screenshoter\task_scheduler.py", line 42, in __init__
    self.config_manager = ConfigManager(config_path)
                                        ^^^^^^^^^^^
NameError: name 'config_path' is not defined

2025-09-28 21:42:28,847 - ERROR - Не удалось запустить службу
2025-09-28 21:42:28,847 - INFO - Остановка ScreenshotService
2025-09-28 21:42:28,847 - INFO - ScreenshotService остановлен
2025-09-28 21:42:28,847 - INFO - === Служба завершена ===
2025-09-28 21:44:37,094 - INFO - Логирование настроено успешно
2025-09-28 21:44:37,094 - INFO - === Запуск Screenshot Service ===
2025-09-28 21:44:37,094 - INFO - Инициализация ScreenshotService...
2025-09-28 21:44:37,514 - ERROR - Ошибка запуска службы: name 'config_path' is not defined
2025-09-28 21:44:37,515 - ERROR - Traceback (most recent call last):
  File "X:\works_project\screenshoter\main.py", line 46, in start
    self.scheduler = ScreenshotScheduler()
                     ^^^^^^^^^^^^^^^^^^^^^
  File "X:\works_project\screenshoter\task_scheduler.py", line 42, in __init__
    self.config_manager = ConfigManager(config_path)
                                        ^^^^^^^^^^^
NameError: name 'config_path' is not defined

2025-09-28 21:44:37,515 - ERROR - Не удалось запустить службу
2025-09-28 21:44:37,516 - INFO - Остановка ScreenshotService
2025-09-28 21:44:37,516 - INFO - ScreenshotService остановлен
2025-09-28 21:44:37,516 - INFO - === Служба завершена ===
2025-09-28 21:46:45,730 - INFO - Логирование настроено успешно
2025-09-28 21:46:45,731 - INFO - === Запуск Screenshot Service ===
2025-09-28 21:46:45,731 - INFO - Инициализация ScreenshotService...
2025-09-28 21:46:46,166 - ERROR - Ошибка запуска службы: name 'config_path' is not defined
2025-09-28 21:46:46,167 - ERROR - Traceback (most recent call last):
  File "X:\works_project\screenshoter\main.py", line 46, in start
    self.scheduler = ScreenshotScheduler()
                     ^^^^^^^^^^^^^^^^^^^^^
  File "X:\works_project\screenshoter\task_scheduler.py", line 42, in __init__
    self.config_manager = ConfigManager(config_path)
                                        ^^^^^^^^^^^
NameError: name 'config_path' is not defined

2025-09-28 21:46:46,167 - ERROR - Не удалось запустить службу
2025-09-28 21:46:46,167 - INFO - Остановка ScreenshotService
2025-09-28 21:46:46,167 - INFO - ScreenshotService остановлен
2025-09-28 21:46:46,168 - INFO - === Служба завершена ===
2025-09-28 21:48:54,387 - INFO - Логирование настроено успешно
2025-09-28 21:48:54,388 - INFO - === Запуск Screenshot Service ===
2025-09-28 21:48:54,388 - INFO - Инициализация ScreenshotService...
2025-09-28 21:48:54,791 - ERROR - Ошибка запуска службы: name 'config_path' is not defined
2025-09-28 21:48:54,792 - ERROR - Traceback (most recent call last):
  File "X:\works_project\screenshoter\main.py", line 46, in start
    self.scheduler = ScreenshotScheduler()
                     ^^^^^^^^^^^^^^^^^^^^^
  File "X:\works_project\screenshoter\task_scheduler.py", line 42, in __init__
    self.config_manager = ConfigManager(config_path)
                                        ^^^^^^^^^^^
NameError: name 'config_path' is not defined

2025-09-28 21:48:54,792 - ERROR - Не удалось запустить службу
2025-09-28 21:48:54,792 - INFO - Остановка ScreenshotService
2025-09-28 21:48:54,792 - INFO - ScreenshotService остановлен
2025-09-28 21:48:54,792 - INFO - === Служба завершена ===
2025-09-28 21:51:03,019 - INFO - Логирование настроено успешно
2025-09-28 21:51:03,019 - INFO - === Запуск Screenshot Service ===
2025-09-28 21:51:03,019 - INFO - Инициализация ScreenshotService...
2025-09-28 21:51:03,520 - ERROR - Ошибка запуска службы: name 'config_path' is not defined
2025-09-28 21:51:03,521 - ERROR - Traceback (most recent call last):
  File "X:\works_project\screenshoter\main.py", line 46, in start
    self.scheduler = ScreenshotScheduler()
                     ^^^^^^^^^^^^^^^^^^^^^
  File "X:\works_project\screenshoter\task_scheduler.py", line 42, in __init__
    self.config_manager = ConfigManager(config_path)
                                        ^^^^^^^^^^^
NameError: name 'config_path' is not defined

2025-09-28 21:51:03,521 - ERROR - Не удалось запустить службу
2025-09-28 21:51:03,521 - INFO - Остановка ScreenshotService
2025-09-28 21:51:03,521 - INFO - ScreenshotService остановлен
2025-09-28 21:51:03,522 - INFO - === Служба завершена ===
2025-09-28 21:53:11,772 - INFO - Логирование настроено успешно
2025-09-28 21:53:11,772 - INFO - === Запуск Screenshot Service ===
2025-09-28 21:53:11,772 - INFO - Инициализация ScreenshotService...
2025-09-28 21:53:12,186 - ERROR - Ошибка запуска службы: name 'config_path' is not defined
2025-09-28 21:53:12,188 - ERROR - Traceback (most recent call last):
  File "X:\works_project\screenshoter\main.py", line 46, in start
    self.scheduler = ScreenshotScheduler()
                     ^^^^^^^^^^^^^^^^^^^^^
  File "X:\works_project\screenshoter\task_scheduler.py", line 42, in __init__
    self.config_manager = ConfigManager(config_path)
                                        ^^^^^^^^^^^
NameError: name 'config_path' is not defined

2025-09-28 21:53:12,189 - ERROR - Не удалось запустить службу
2025-09-28 21:53:12,189 - INFO - Остановка ScreenshotService
2025-09-28 21:53:12,189 - INFO - ScreenshotService остановлен
2025-09-28 21:53:12,189 - INFO - === Служба завершена ===
2025-09-28 21:55:20,403 - INFO - Логирование настроено успешно
2025-09-28 21:55:20,403 - INFO - === Запуск Screenshot Service ===
2025-09-28 21:55:20,403 - INFO - Инициализация ScreenshotService...
2025-09-28 21:55:20,795 - ERROR - Ошибка запуска службы: name 'config_path' is not defined
2025-09-28 21:55:20,796 - ERROR - Traceback (most recent call last):
  File "X:\works_project\screenshoter\main.py", line 46, in start
    self.scheduler = ScreenshotScheduler()
                     ^^^^^^^^^^^^^^^^^^^^^
  File "X:\works_project\screenshoter\task_scheduler.py", line 42, in __init__
    self.config_manager = ConfigManager(config_path)
                                        ^^^^^^^^^^^
NameError: name 'config_path' is not defined

2025-09-28 21:55:20,796 - ERROR - Не удалось запустить службу
2025-09-28 21:55:20,796 - INFO - Остановка ScreenshotService
2025-09-28 21:55:20,796 - INFO - ScreenshotService остановлен
2025-09-28 21:55:20,796 - INFO - === Служба завершена ===
2025-09-28 21:57:28,999 - INFO - Логирование настроено успешно
2025-09-28 21:57:29,000 - INFO - === Запуск Screenshot Service ===
2025-09-28 21:57:29,000 - INFO - Инициализация ScreenshotService...
2025-09-28 21:57:29,404 - ERROR - Ошибка запуска службы: name 'config_path' is not defined
2025-09-28 21:57:29,405 - ERROR - Traceback (most recent call last):
  File "X:\works_project\screenshoter\main.py", line 46, in start
    self.scheduler = ScreenshotScheduler()
                     ^^^^^^^^^^^^^^^^^^^^^
  File "X:\works_project\screenshoter\task_scheduler.py", line 42, in __init__
    self.config_manager = ConfigManager(config_path)
                                        ^^^^^^^^^^^
NameError: name 'config_path' is not defined

2025-09-28 21:57:29,405 - ERROR - Не удалось запустить службу
2025-09-28 21:57:29,405 - INFO - Остановка ScreenshotService
2025-09-28 21:57:29,405 - INFO - ScreenshotService остановлен
2025-09-28 21:57:29,405 - INFO - === Служба завершена ===
2025-09-28 21:59:37,590 - INFO - Логирование настроено успешно
2025-09-28 21:59:37,591 - INFO - === Запуск Screenshot Service ===
2025-09-28 21:59:37,591 - INFO - Инициализация ScreenshotService...
2025-09-28 21:59:37,955 - ERROR - Ошибка запуска службы: name 'config_path' is not defined
2025-09-28 21:59:37,956 - ERROR - Traceback (most recent call last):
  File "X:\works_project\screenshoter\main.py", line 46, in start
    self.scheduler = ScreenshotScheduler()
                     ^^^^^^^^^^^^^^^^^^^^^
  File "X:\works_project\screenshoter\task_scheduler.py", line 42, in __init__
    self.config_manager = ConfigManager(config_path)
                                        ^^^^^^^^^^^
NameError: name 'config_path' is not defined

2025-09-28 21:59:37,956 - ERROR - Не удалось запустить службу
2025-09-28 21:59:37,956 - INFO - Остановка ScreenshotService
2025-09-28 21:59:37,956 - INFO - ScreenshotService остановлен
2025-09-28 21:59:37,956 - INFO - === Служба завершена ===
2025-09-28 22:01:46,131 - INFO - Логирование настроено успешно
2025-09-28 22:01:46,132 - INFO - === Запуск Screenshot Service ===
2025-09-28 22:01:46,132 - INFO - Инициализация ScreenshotService...
2025-09-28 22:01:46,469 - ERROR - Ошибка запуска службы: name 'config_path' is not defined
2025-09-28 22:01:46,471 - ERROR - Traceback (most recent call last):
  File "X:\works_project\screenshoter\main.py", line 46, in start
    self.scheduler = ScreenshotScheduler()
                     ^^^^^^^^^^^^^^^^^^^^^
  File "X:\works_project\screenshoter\task_scheduler.py", line 42, in __init__
    self.config_manager = ConfigManager(config_path)
                                        ^^^^^^^^^^^
NameError: name 'config_path' is not defined

2025-09-28 22:01:46,471 - ERROR - Не удалось запустить службу
2025-09-28 22:01:46,471 - INFO - Остановка ScreenshotService
2025-09-28 22:01:46,471 - INFO - ScreenshotService остановлен
2025-09-28 22:01:46,471 - INFO - === Служба завершена ===
2025-09-28 22:03:54,662 - INFO - Логирование настроено успешно
2025-09-28 22:03:54,662 - INFO - === Запуск Screenshot Service ===
2025-09-28 22:03:54,662 - INFO - Инициализация ScreenshotService...
2025-09-28 22:03:55,020 - ERROR - Ошибка запуска службы: name 'config_path' is not defined
2025-09-28 22:03:55,021 - ERROR - Traceback (most recent call last):
  File "X:\works_project\screenshoter\main.py", line 46, in start
    self.scheduler = ScreenshotScheduler()
                     ^^^^^^^^^^^^^^^^^^^^^
  File "X:\works_project\screenshoter\task_scheduler.py", line 42, in __init__
    self.config_manager = ConfigManager(config_path)
                                        ^^^^^^^^^^^
NameError: name 'config_path' is not defined

2025-09-28 22:03:55,021 - ERROR - Не удалось запустить службу
2025-09-28 22:03:55,021 - INFO - Остановка ScreenshotService
2025-09-28 22:03:55,021 - INFO - ScreenshotService остановлен
2025-09-28 22:03:55,021 - INFO - === Служба завершена ===
2025-09-28 22:06:03,240 - INFO - Логирование настроено успешно
2025-09-28 22:06:03,240 - INFO - === Запуск Screenshot Service ===
2025-09-28 22:06:03,240 - INFO - Инициализация ScreenshotService...
2025-09-28 22:06:03,671 - ERROR - Ошибка запуска службы: name 'config_path' is not defined
2025-09-28 22:06:03,672 - ERROR - Traceback (most recent call last):
  File "X:\works_project\screenshoter\main.py", line 46, in start
    self.scheduler = ScreenshotScheduler()
                     ^^^^^^^^^^^^^^^^^^^^^
  File "X:\works_project\screenshoter\task_scheduler.py", line 42, in __init__
    self.config_manager = ConfigManager(config_path)
                                        ^^^^^^^^^^^
NameError: name 'config_path' is not defined

2025-09-28 22:06:03,672 - ERROR - Не удалось запустить службу
2025-09-28 22:06:03,672 - INFO - Остановка ScreenshotService
2025-09-28 22:06:03,672 - INFO - ScreenshotService остановлен
2025-09-28 22:06:03,672 - INFO - === Служба завершена ===
2025-09-28 22:08:11,890 - INFO - Логирование настроено успешно
2025-09-28 22:08:11,890 - INFO - === Запуск Screenshot Service ===
2025-09-28 22:08:11,890 - INFO - Инициализация ScreenshotService...
2025-09-28 22:08:12,345 - ERROR - Ошибка запуска службы: name 'config_path' is not defined
2025-09-28 22:08:12,346 - ERROR - Traceback (most recent call last):
  File "X:\works_project\screenshoter\main.py", line 46, in start
    self.scheduler = ScreenshotScheduler()
                     ^^^^^^^^^^^^^^^^^^^^^
  File "X:\works_project\screenshoter\task_scheduler.py", line 42, in __init__
    self.config_manager = ConfigManager(config_path)
                                        ^^^^^^^^^^^
NameError: name 'config_path' is not defined

2025-09-28 22:08:12,346 - ERROR - Не удалось запустить службу
2025-09-28 22:08:12,346 - INFO - Остановка ScreenshotService
2025-09-28 22:08:12,346 - INFO - ScreenshotService остановлен
2025-09-28 22:08:12,346 - INFO - === Служба завершена ===
2025-09-28 22:10:20,548 - INFO - Логирование настроено успешно
2025-09-28 22:10:20,548 - INFO - === Запуск Screenshot Service ===
2025-09-28 22:10:20,549 - INFO - Инициализация ScreenshotService...
2025-09-28 22:10:20,930 - ERROR - Ошибка запуска службы: name 'config_path' is not defined
2025-09-28 22:10:20,931 - ERROR - Traceback (most recent call last):
  File "X:\works_project\screenshoter\main.py", line 46, in start
    self.scheduler = ScreenshotScheduler()
                     ^^^^^^^^^^^^^^^^^^^^^
  File "X:\works_project\screenshoter\task_scheduler.py", line 42, in __init__
    self.config_manager = ConfigManager(config_path)
                                        ^^^^^^^^^^^
NameError: name 'config_path' is not defined

2025-09-28 22:10:20,931 - ERROR - Не удалось запустить службу
2025-09-28 22:10:20,931 - INFO - Остановка ScreenshotService
2025-09-28 22:10:20,931 - INFO - ScreenshotService остановлен
2025-09-28 22:10:20,932 - INFO - === Служба завершена ===
2025-09-28 22:12:29,145 - INFO - Логирование настроено успешно
2025-09-28 22:12:29,145 - INFO - === Запуск Screenshot Service ===
2025-09-28 22:12:29,145 - INFO - Инициализация ScreenshotService...
2025-09-28 22:12:29,556 - ERROR - Ошибка запуска службы: name 'config_path' is not defined
2025-09-28 22:12:29,558 - ERROR - Traceback (most recent call last):
  File "X:\works_project\screenshoter\main.py", line 46, in start
    self.scheduler = ScreenshotScheduler()
                     ^^^^^^^^^^^^^^^^^^^^^
  File "X:\works_project\screenshoter\task_scheduler.py", line 42, in __init__
    self.config_manager = ConfigManager(config_path)
                                        ^^^^^^^^^^^
NameError: name 'config_path' is not defined

2025-09-28 22:12:29,558 - ERROR - Не удалось запустить службу
2025-09-28 22:12:29,558 - INFO - Остановка ScreenshotService
2025-09-28 22:12:29,558 - INFO - ScreenshotService остановлен
2025-09-28 22:12:29,558 - INFO - === Служба завершена ===
2025-09-28 22:14:37,804 - INFO - Логирование настроено успешно
2025-09-28 22:14:37,804 - INFO - === Запуск Screenshot Service ===
2025-09-28 22:14:37,806 - INFO - Инициализация ScreenshotService...
2025-09-28 22:14:38,259 - ERROR - Ошибка запуска службы: name 'config_path' is not defined
2025-09-28 22:14:38,261 - ERROR - Traceback (most recent call last):
  File "X:\works_project\screenshoter\main.py", line 46, in start
    self.scheduler = ScreenshotScheduler()
                     ^^^^^^^^^^^^^^^^^^^^^
  File "X:\works_project\screenshoter\task_scheduler.py", line 42, in __init__
    self.config_manager = ConfigManager(config_path)
                                        ^^^^^^^^^^^
NameError: name 'config_path' is not defined

2025-09-28 22:14:38,261 - ERROR - Не удалось запустить службу
2025-09-28 22:14:38,261 - INFO - Остановка ScreenshotService
2025-09-28 22:14:38,261 - INFO - ScreenshotService остановлен
2025-09-28 22:14:38,261 - INFO - === Служба завершена ===
2025-09-28 22:16:46,500 - INFO - Логирование настроено успешно
2025-09-28 22:16:46,500 - INFO - === Запуск Screenshot Service ===
2025-09-28 22:16:46,500 - INFO - Инициализация ScreenshotService...
2025-09-28 22:16:46,958 - ERROR - Ошибка запуска службы: name 'config_path' is not defined
2025-09-28 22:16:46,959 - ERROR - Traceback (most recent call last):
  File "X:\works_project\screenshoter\main.py", line 46, in start
    self.scheduler = ScreenshotScheduler()
                     ^^^^^^^^^^^^^^^^^^^^^
  File "X:\works_project\screenshoter\task_scheduler.py", line 42, in __init__
    self.config_manager = ConfigManager(config_path)
                                        ^^^^^^^^^^^
NameError: name 'config_path' is not defined

2025-09-28 22:16:46,959 - ERROR - Не удалось запустить службу
2025-09-28 22:16:46,959 - INFO - Остановка ScreenshotService
2025-09-28 22:16:46,959 - INFO - ScreenshotService остановлен
2025-09-28 22:16:46,960 - INFO - === Служба завершена ===
2025-09-28 22:18:55,183 - INFO - Логирование настроено успешно
2025-09-28 22:18:55,184 - INFO - === Запуск Screenshot Service ===
2025-09-28 22:18:55,184 - INFO - Инициализация ScreenshotService...
2025-09-28 22:18:55,563 - ERROR - Ошибка запуска службы: name 'config_path' is not defined
2025-09-28 22:18:55,564 - ERROR - Traceback (most recent call last):
  File "X:\works_project\screenshoter\main.py", line 46, in start
    self.scheduler = ScreenshotScheduler()
                     ^^^^^^^^^^^^^^^^^^^^^
  File "X:\works_project\screenshoter\task_scheduler.py", line 42, in __init__
    self.config_manager = ConfigManager(config_path)
                                        ^^^^^^^^^^^
NameError: name 'config_path' is not defined

2025-09-28 22:18:55,564 - ERROR - Не удалось запустить службу
2025-09-28 22:18:55,564 - INFO - Остановка ScreenshotService
2025-09-28 22:18:55,564 - INFO - ScreenshotService остановлен
2025-09-28 22:18:55,564 - INFO - === Служба завершена ===
2025-09-28 22:21:03,768 - INFO - Логирование настроено успешно
2025-09-28 22:21:03,768 - INFO - === Запуск Screenshot Service ===
2025-09-28 22:21:03,768 - INFO - Инициализация ScreenshotService...
2025-09-28 22:21:04,159 - ERROR - Ошибка запуска службы: name 'config_path' is not defined
2025-09-28 22:21:04,161 - ERROR - Traceback (most recent call last):
  File "X:\works_project\screenshoter\main.py", line 46, in start
    self.scheduler = ScreenshotScheduler()
                     ^^^^^^^^^^^^^^^^^^^^^
  File "X:\works_project\screenshoter\task_scheduler.py", line 42, in __init__
    self.config_manager = ConfigManager(config_path)
                                        ^^^^^^^^^^^
NameError: name 'config_path' is not defined

2025-09-28 22:21:04,161 - ERROR - Не удалось запустить службу
2025-09-28 22:21:04,161 - INFO - Остановка ScreenshotService
2025-09-28 22:21:04,161 - INFO - ScreenshotService остановлен
2025-09-28 22:21:04,161 - INFO - === Служба завершена ===
2025-09-28 22:23:12,358 - INFO - Логирование настроено успешно
2025-09-28 22:23:12,359 - INFO - === Запуск Screenshot Service ===
2025-09-28 22:23:12,359 - INFO - Инициализация ScreenshotService...
2025-09-28 22:23:12,721 - ERROR - Ошибка запуска службы: name 'config_path' is not defined
2025-09-28 22:23:12,722 - ERROR - Traceback (most recent call last):
  File "X:\works_project\screenshoter\main.py", line 46, in start
    self.scheduler = ScreenshotScheduler()
                     ^^^^^^^^^^^^^^^^^^^^^
  File "X:\works_project\screenshoter\task_scheduler.py", line 42, in __init__
    self.config_manager = ConfigManager(config_path)
                                        ^^^^^^^^^^^
NameError: name 'config_path' is not defined

2025-09-28 22:23:12,722 - ERROR - Не удалось запустить службу
2025-09-28 22:23:12,722 - INFO - Остановка ScreenshotService
2025-09-28 22:23:12,722 - INFO - ScreenshotService остановлен
2025-09-28 22:23:12,723 - INFO - === Служба завершена ===
2025-09-28 22:25:20,929 - INFO - Логирование настроено успешно
2025-09-28 22:25:20,929 - INFO - === Запуск Screenshot Service ===
2025-09-28 22:25:20,929 - INFO - Инициализация ScreenshotService...
2025-09-28 22:25:21,333 - ERROR - Ошибка запуска службы: name 'config_path' is not defined
2025-09-28 22:25:21,334 - ERROR - Traceback (most recent call last):
  File "X:\works_project\screenshoter\main.py", line 46, in start
    self.scheduler = ScreenshotScheduler()
                     ^^^^^^^^^^^^^^^^^^^^^
  File "X:\works_project\screenshoter\task_scheduler.py", line 42, in __init__
    self.config_manager = ConfigManager(config_path)
                                        ^^^^^^^^^^^
NameError: name 'config_path' is not defined

2025-09-28 22:25:21,334 - ERROR - Не удалось запустить службу
2025-09-28 22:25:21,335 - INFO - Остановка ScreenshotService
2025-09-28 22:25:21,335 - INFO - ScreenshotService остановлен
2025-09-28 22:25:21,335 - INFO - === Служба завершена ===
2025-09-28 22:27:29,558 - INFO - Логирование настроено успешно
2025-09-28 22:27:29,558 - INFO - === Запуск Screenshot Service ===
2025-09-28 22:27:29,558 - INFO - Инициализация ScreenshotService...
2025-09-28 22:27:29,967 - ERROR - Ошибка запуска службы: name 'config_path' is not defined
2025-09-28 22:27:29,968 - ERROR - Traceback (most recent call last):
  File "X:\works_project\screenshoter\main.py", line 46, in start
    self.scheduler = ScreenshotScheduler()
                     ^^^^^^^^^^^^^^^^^^^^^
  File "X:\works_project\screenshoter\task_scheduler.py", line 42, in __init__
    self.config_manager = ConfigManager(config_path)
                                        ^^^^^^^^^^^
NameError: name 'config_path' is not defined

2025-09-28 22:27:29,969 - ERROR - Не удалось запустить службу
2025-09-28 22:27:29,969 - INFO - Остановка ScreenshotService
2025-09-28 22:27:29,969 - INFO - ScreenshotService остановлен
2025-09-28 22:27:29,969 - INFO - === Служба завершена ===
2025-09-28 22:29:38,168 - INFO - Логирование настроено успешно
2025-09-28 22:29:38,168 - INFO - === Запуск Screenshot Service ===
2025-09-28 22:29:38,168 - INFO - Инициализация ScreenshotService...
2025-09-28 22:29:38,554 - ERROR - Ошибка запуска службы: name 'config_path' is not defined
2025-09-28 22:29:38,555 - ERROR - Traceback (most recent call last):
  File "X:\works_project\screenshoter\main.py", line 46, in start
    self.scheduler = ScreenshotScheduler()
                     ^^^^^^^^^^^^^^^^^^^^^
  File "X:\works_project\screenshoter\task_scheduler.py", line 42, in __init__
    self.config_manager = ConfigManager(config_path)
                                        ^^^^^^^^^^^
NameError: name 'config_path' is not defined

2025-09-28 22:29:38,555 - ERROR - Не удалось запустить службу
2025-09-28 22:29:38,555 - INFO - Остановка ScreenshotService
2025-09-28 22:29:38,555 - INFO - ScreenshotService остановлен
2025-09-28 22:29:38,555 - INFO - === Служба завершена ===
2025-09-28 22:31:46,787 - INFO - Логирование настроено успешно
2025-09-28 22:31:46,788 - INFO - === Запуск Screenshot Service ===
2025-09-28 22:31:46,788 - INFO - Инициализация ScreenshotService...
2025-09-28 22:31:47,165 - ERROR - Ошибка запуска службы: name 'config_path' is not defined
2025-09-28 22:31:47,168 - ERROR - Traceback (most recent call last):
  File "X:\works_project\screenshoter\main.py", line 46, in start
    self.scheduler = ScreenshotScheduler()
                     ^^^^^^^^^^^^^^^^^^^^^
  File "X:\works_project\screenshoter\task_scheduler.py", line 42, in __init__
    self.config_manager = ConfigManager(config_path)
                                        ^^^^^^^^^^^
NameError: name 'config_path' is not defined

2025-09-28 22:31:47,168 - ERROR - Не удалось запустить службу
2025-09-28 22:31:47,168 - INFO - Остановка ScreenshotService
2025-09-28 22:31:47,168 - INFO - ScreenshotService остановлен
2025-09-28 22:31:47,168 - INFO - === Служба завершена ===
2025-09-28 22:33:55,366 - INFO - Логирование настроено успешно
2025-09-28 22:33:55,367 - INFO - === Запуск Screenshot Service ===
2025-09-28 22:33:55,367 - INFO - Инициализация ScreenshotService...
2025-09-28 22:33:55,725 - ERROR - Ошибка запуска службы: name 'config_path' is not defined
2025-09-28 22:33:55,726 - ERROR - Traceback (most recent call last):
  File "X:\works_project\screenshoter\main.py", line 46, in start
    self.scheduler = ScreenshotScheduler()
                     ^^^^^^^^^^^^^^^^^^^^^
  File "X:\works_project\screenshoter\task_scheduler.py", line 42, in __init__
    self.config_manager = ConfigManager(config_path)
                                        ^^^^^^^^^^^
NameError: name 'config_path' is not defined

2025-09-28 22:33:55,726 - ERROR - Не удалось запустить службу
2025-09-28 22:33:55,726 - INFO - Остановка ScreenshotService
2025-09-28 22:33:55,726 - INFO - ScreenshotService остановлен
2025-09-28 22:33:55,726 - INFO - === Служба завершена ===
2025-09-28 22:36:03,933 - INFO - Логирование настроено успешно
2025-09-28 22:36:03,934 - INFO - === Запуск Screenshot Service ===
2025-09-28 22:36:03,934 - INFO - Инициализация ScreenshotService...
2025-09-28 22:36:04,351 - ERROR - Ошибка запуска службы: name 'config_path' is not defined
2025-09-28 22:36:04,354 - ERROR - Traceback (most recent call last):
  File "X:\works_project\screenshoter\main.py", line 46, in start
    self.scheduler = ScreenshotScheduler()
                     ^^^^^^^^^^^^^^^^^^^^^
  File "X:\works_project\screenshoter\task_scheduler.py", line 42, in __init__
    self.config_manager = ConfigManager(config_path)
                                        ^^^^^^^^^^^
NameError: name 'config_path' is not defined

2025-09-28 22:36:04,354 - ERROR - Не удалось запустить службу
2025-09-28 22:36:04,354 - INFO - Остановка ScreenshotService
2025-09-28 22:36:04,354 - INFO - ScreenshotService остановлен
2025-09-28 22:36:04,354 - INFO - === Служба завершена ===
2025-09-28 22:38:12,583 - INFO - Логирование настроено успешно
2025-09-28 22:38:12,583 - INFO - === Запуск Screenshot Service ===
2025-09-28 22:38:12,585 - INFO - Инициализация ScreenshotService...
2025-09-28 22:38:12,993 - ERROR - Ошибка запуска службы: name 'config_path' is not defined
2025-09-28 22:38:12,994 - ERROR - Traceback (most recent call last):
  File "X:\works_project\screenshoter\main.py", line 46, in start
    self.scheduler = ScreenshotScheduler()
                     ^^^^^^^^^^^^^^^^^^^^^
  File "X:\works_project\screenshoter\task_scheduler.py", line 42, in __init__
    self.config_manager = ConfigManager(config_path)
                                        ^^^^^^^^^^^
NameError: name 'config_path' is not defined

2025-09-28 22:38:12,994 - ERROR - Не удалось запустить службу
2025-09-28 22:38:12,994 - INFO - Остановка ScreenshotService
2025-09-28 22:38:12,994 - INFO - ScreenshotService остановлен
2025-09-28 22:38:12,994 - INFO - === Служба завершена ===
2025-09-28 22:40:21,221 - INFO - Логирование настроено успешно
2025-09-28 22:40:21,222 - INFO - === Запуск Screenshot Service ===
2025-09-28 22:40:21,222 - INFO - Инициализация ScreenshotService...
2025-09-28 22:40:21,637 - ERROR - Ошибка запуска службы: name 'config_path' is not defined
2025-09-28 22:40:21,638 - ERROR - Traceback (most recent call last):
  File "X:\works_project\screenshoter\main.py", line 46, in start
    self.scheduler = ScreenshotScheduler()
                     ^^^^^^^^^^^^^^^^^^^^^
  File "X:\works_project\screenshoter\task_scheduler.py", line 42, in __init__
    self.config_manager = ConfigManager(config_path)
                                        ^^^^^^^^^^^
NameError: name 'config_path' is not defined

2025-09-28 22:40:21,638 - ERROR - Не удалось запустить службу
2025-09-28 22:40:21,638 - INFO - Остановка ScreenshotService
2025-09-28 22:40:21,638 - INFO - ScreenshotService остановлен
2025-09-28 22:40:21,638 - INFO - === Служба завершена ===
2025-09-28 22:42:29,845 - INFO - Логирование настроено успешно
2025-09-28 22:42:29,845 - INFO - === Запуск Screenshot Service ===
2025-09-28 22:42:29,845 - INFO - Инициализация ScreenshotService...
2025-09-28 22:42:30,212 - ERROR - Ошибка запуска службы: name 'config_path' is not defined
2025-09-28 22:42:30,213 - ERROR - Traceback (most recent call last):
  File "X:\works_project\screenshoter\main.py", line 46, in start
    self.scheduler = ScreenshotScheduler()
                     ^^^^^^^^^^^^^^^^^^^^^
  File "X:\works_project\screenshoter\task_scheduler.py", line 42, in __init__
    self.config_manager = ConfigManager(config_path)
                                        ^^^^^^^^^^^
NameError: name 'config_path' is not defined

2025-09-28 22:42:30,213 - ERROR - Не удалось запустить службу
2025-09-28 22:42:30,213 - INFO - Остановка ScreenshotService
2025-09-28 22:42:30,213 - INFO - ScreenshotService остановлен
2025-09-28 22:42:30,213 - INFO - === Служба завершена ===
2025-09-28 22:44:38,414 - INFO - Логирование настроено успешно
2025-09-28 22:44:38,414 - INFO - === Запуск Screenshot Service ===
2025-09-28 22:44:38,414 - INFO - Инициализация ScreenshotService...
2025-09-28 22:44:38,828 - ERROR - Ошибка запуска службы: name 'config_path' is not defined
2025-09-28 22:44:38,829 - ERROR - Traceback (most recent call last):
  File "X:\works_project\screenshoter\main.py", line 46, in start
    self.scheduler = ScreenshotScheduler()
                     ^^^^^^^^^^^^^^^^^^^^^
  File "X:\works_project\screenshoter\task_scheduler.py", line 42, in __init__
    self.config_manager = ConfigManager(config_path)
                                        ^^^^^^^^^^^
NameError: name 'config_path' is not defined

2025-09-28 22:44:38,829 - ERROR - Не удалось запустить службу
2025-09-28 22:44:38,829 - INFO - Остановка ScreenshotService
2025-09-28 22:44:38,829 - INFO - ScreenshotService остановлен
2025-09-28 22:44:38,829 - INFO - === Служба завершена ===
2025-09-28 22:46:47,063 - INFO - Логирование настроено успешно
2025-09-28 22:46:47,063 - INFO - === Запуск Screenshot Service ===
2025-09-28 22:46:47,063 - INFO - Инициализация ScreenshotService...
2025-09-28 22:46:47,461 - ERROR - Ошибка запуска службы: name 'config_path' is not defined
2025-09-28 22:46:47,462 - ERROR - Traceback (most recent call last):
  File "X:\works_project\screenshoter\main.py", line 46, in start
    self.scheduler = ScreenshotScheduler()
                     ^^^^^^^^^^^^^^^^^^^^^
  File "X:\works_project\screenshoter\task_scheduler.py", line 42, in __init__
    self.config_manager = ConfigManager(config_path)
                                        ^^^^^^^^^^^
NameError: name 'config_path' is not defined

2025-09-28 22:46:47,462 - ERROR - Не удалось запустить службу
2025-09-28 22:46:47,462 - INFO - Остановка ScreenshotService
2025-09-28 22:46:47,462 - INFO - ScreenshotService остановлен
2025-09-28 22:46:47,462 - INFO - === Служба завершена ===
2025-09-28 22:48:55,681 - INFO - Логирование настроено успешно
2025-09-28 22:48:55,682 - INFO - === Запуск Screenshot Service ===
2025-09-28 22:48:55,682 - INFO - Инициализация ScreenshotService...
2025-09-28 22:48:56,088 - ERROR - Ошибка запуска службы: name 'config_path' is not defined
2025-09-28 22:48:56,089 - ERROR - Traceback (most recent call last):
  File "X:\works_project\screenshoter\main.py", line 46, in start
    self.scheduler = ScreenshotScheduler()
                     ^^^^^^^^^^^^^^^^^^^^^
  File "X:\works_project\screenshoter\task_scheduler.py", line 42, in __init__
    self.config_manager = ConfigManager(config_path)
                                        ^^^^^^^^^^^
NameError: name 'config_path' is not defined

2025-09-28 22:48:56,089 - ERROR - Не удалось запустить службу
2025-09-28 22:48:56,089 - INFO - Остановка ScreenshotService
2025-09-28 22:48:56,089 - INFO - ScreenshotService остановлен
2025-09-28 22:48:56,089 - INFO - === Служба завершена ===
2025-09-28 22:51:04,295 - INFO - Логирование настроено успешно
2025-09-28 22:51:04,295 - INFO - === Запуск Screenshot Service ===
2025-09-28 22:51:04,295 - INFO - Инициализация ScreenshotService...
2025-09-28 22:51:04,689 - ERROR - Ошибка запуска службы: name 'config_path' is not defined
2025-09-28 22:51:04,690 - ERROR - Traceback (most recent call last):
  File "X:\works_project\screenshoter\main.py", line 46, in start
    self.scheduler = ScreenshotScheduler()
                     ^^^^^^^^^^^^^^^^^^^^^
  File "X:\works_project\screenshoter\task_scheduler.py", line 42, in __init__
    self.config_manager = ConfigManager(config_path)
                                        ^^^^^^^^^^^
NameError: name 'config_path' is not defined

2025-09-28 22:51:04,690 - ERROR - Не удалось запустить службу
2025-09-28 22:51:04,690 - INFO - Остановка ScreenshotService
2025-09-28 22:51:04,690 - INFO - ScreenshotService остановлен
2025-09-28 22:51:04,690 - INFO - === Служба завершена ===
2025-09-28 22:53:12,900 - INFO - Логирование настроено успешно
2025-09-28 22:53:12,900 - INFO - === Запуск Screenshot Service ===
2025-09-28 22:53:12,900 - INFO - Инициализация ScreenshotService...
2025-09-28 22:53:13,288 - ERROR - Ошибка запуска службы: name 'config_path' is not defined
2025-09-28 22:53:13,289 - ERROR - Traceback (most recent call last):
  File "X:\works_project\screenshoter\main.py", line 46, in start
    self.scheduler = ScreenshotScheduler()
                     ^^^^^^^^^^^^^^^^^^^^^
  File "X:\works_project\screenshoter\task_scheduler.py", line 42, in __init__
    self.config_manager = ConfigManager(config_path)
                                        ^^^^^^^^^^^
NameError: name 'config_path' is not defined

2025-09-28 22:53:13,289 - ERROR - Не удалось запустить службу
2025-09-28 22:53:13,289 - INFO - Остановка ScreenshotService
2025-09-28 22:53:13,289 - INFO - ScreenshotService остановлен
2025-09-28 22:53:13,289 - INFO - === Служба завершена ===
2025-09-28 22:55:21,511 - INFO - Логирование настроено успешно
2025-09-28 22:55:21,512 - INFO - === Запуск Screenshot Service ===
2025-09-28 22:55:21,512 - INFO - Инициализация ScreenshotService...
2025-09-28 22:55:21,905 - ERROR - Ошибка запуска службы: name 'config_path' is not defined
2025-09-28 22:55:21,906 - ERROR - Traceback (most recent call last):
  File "X:\works_project\screenshoter\main.py", line 46, in start
    self.scheduler = ScreenshotScheduler()
                     ^^^^^^^^^^^^^^^^^^^^^
  File "X:\works_project\screenshoter\task_scheduler.py", line 42, in __init__
    self.config_manager = ConfigManager(config_path)
                                        ^^^^^^^^^^^
NameError: name 'config_path' is not defined

2025-09-28 22:55:21,908 - ERROR - Не удалось запустить службу
2025-09-28 22:55:21,908 - INFO - Остановка ScreenshotService
2025-09-28 22:55:21,908 - INFO - ScreenshotService остановлен
2025-09-28 22:55:21,908 - INFO - === Служба завершена ===
2025-09-28 22:57:30,111 - INFO - Логирование настроено успешно
2025-09-28 22:57:30,111 - INFO - === Запуск Screenshot Service ===
2025-09-28 22:57:30,111 - INFO - Инициализация ScreenshotService...
2025-09-28 22:57:30,511 - ERROR - Ошибка запуска службы: name 'config_path' is not defined
2025-09-28 22:57:30,513 - ERROR - Traceback (most recent call last):
  File "X:\works_project\screenshoter\main.py", line 46, in start
    self.scheduler = ScreenshotScheduler()
                     ^^^^^^^^^^^^^^^^^^^^^
  File "X:\works_project\screenshoter\task_scheduler.py", line 42, in __init__
    self.config_manager = ConfigManager(config_path)
                                        ^^^^^^^^^^^
NameError: name 'config_path' is not defined

2025-09-28 22:57:30,513 - ERROR - Не удалось запустить службу
2025-09-28 22:57:30,514 - INFO - Остановка ScreenshotService
2025-09-28 22:57:30,514 - INFO - ScreenshotService остановлен
2025-09-28 22:57:30,514 - INFO - === Служба завершена ===
2025-09-28 22:59:38,718 - INFO - Логирование настроено успешно
2025-09-28 22:59:38,718 - INFO - === Запуск Screenshot Service ===
2025-09-28 22:59:38,718 - INFO - Инициализация ScreenshotService...
2025-09-28 22:59:39,052 - ERROR - Ошибка запуска службы: name 'config_path' is not defined
2025-09-28 22:59:39,054 - ERROR - Traceback (most recent call last):
  File "X:\works_project\screenshoter\main.py", line 46, in start
    self.scheduler = ScreenshotScheduler()
                     ^^^^^^^^^^^^^^^^^^^^^
  File "X:\works_project\screenshoter\task_scheduler.py", line 42, in __init__
    self.config_manager = ConfigManager(config_path)
                                        ^^^^^^^^^^^
NameError: name 'config_path' is not defined

2025-09-28 22:59:39,054 - ERROR - Не удалось запустить службу
2025-09-28 22:59:39,054 - INFO - Остановка ScreenshotService
2025-09-28 22:59:39,054 - INFO - ScreenshotService остановлен
2025-09-28 22:59:39,054 - INFO - === Служба завершена ===
2025-09-28 23:01:47,233 - INFO - Логирование настроено успешно
2025-09-28 23:01:47,233 - INFO - === Запуск Screenshot Service ===
2025-09-28 23:01:47,233 - INFO - Инициализация ScreenshotService...
2025-09-28 23:01:47,634 - ERROR - Ошибка запуска службы: name 'config_path' is not defined
2025-09-28 23:01:47,635 - ERROR - Traceback (most recent call last):
  File "X:\works_project\screenshoter\main.py", line 46, in start
    self.scheduler = ScreenshotScheduler()
                     ^^^^^^^^^^^^^^^^^^^^^
  File "X:\works_project\screenshoter\task_scheduler.py", line 42, in __init__
    self.config_manager = ConfigManager(config_path)
                                        ^^^^^^^^^^^
NameError: name 'config_path' is not defined

2025-09-28 23:01:47,636 - ERROR - Не удалось запустить службу
2025-09-28 23:01:47,636 - INFO - Остановка ScreenshotService
2025-09-28 23:01:47,636 - INFO - ScreenshotService остановлен
2025-09-28 23:01:47,636 - INFO - === Служба завершена ===
2025-09-28 23:03:55,841 - INFO - Логирование настроено успешно
2025-09-28 23:03:55,841 - INFO - === Запуск Screenshot Service ===
2025-09-28 23:03:55,841 - INFO - Инициализация ScreenshotService...
2025-09-28 23:03:56,248 - ERROR - Ошибка запуска службы: name 'config_path' is not defined
2025-09-28 23:03:56,249 - ERROR - Traceback (most recent call last):
  File "X:\works_project\screenshoter\main.py", line 46, in start
    self.scheduler = ScreenshotScheduler()
                     ^^^^^^^^^^^^^^^^^^^^^
  File "X:\works_project\screenshoter\task_scheduler.py", line 42, in __init__
    self.config_manager = ConfigManager(config_path)
                                        ^^^^^^^^^^^
NameError: name 'config_path' is not defined

2025-09-28 23:03:56,249 - ERROR - Не удалось запустить службу
2025-09-28 23:03:56,249 - INFO - Остановка ScreenshotService
2025-09-28 23:03:56,249 - INFO - ScreenshotService остановлен
2025-09-28 23:03:56,249 - INFO - === Служба завершена ===
2025-09-28 23:06:04,469 - INFO - Логирование настроено успешно
2025-09-28 23:06:04,470 - INFO - === Запуск Screenshot Service ===
2025-09-28 23:06:04,470 - INFO - Инициализация ScreenshotService...
2025-09-28 23:06:04,877 - ERROR - Ошибка запуска службы: name 'config_path' is not defined
2025-09-28 23:06:04,877 - ERROR - Traceback (most recent call last):
  File "X:\works_project\screenshoter\main.py", line 46, in start
    self.scheduler = ScreenshotScheduler()
                     ^^^^^^^^^^^^^^^^^^^^^
  File "X:\works_project\screenshoter\task_scheduler.py", line 42, in __init__
    self.config_manager = ConfigManager(config_path)
                                        ^^^^^^^^^^^
NameError: name 'config_path' is not defined

2025-09-28 23:06:04,877 - ERROR - Не удалось запустить службу
2025-09-28 23:06:04,878 - INFO - Остановка ScreenshotService
2025-09-28 23:06:04,878 - INFO - ScreenshotService остановлен
2025-09-28 23:06:04,878 - INFO - === Служба завершена ===
2025-09-28 23:08:13,098 - INFO - Логирование настроено успешно
2025-09-28 23:08:13,099 - INFO - === Запуск Screenshot Service ===
2025-09-28 23:08:13,099 - INFO - Инициализация ScreenshotService...
2025-09-28 23:08:13,480 - ERROR - Ошибка запуска службы: name 'config_path' is not defined
2025-09-28 23:08:13,480 - ERROR - Traceback (most recent call last):
  File "X:\works_project\screenshoter\main.py", line 46, in start
    self.scheduler = ScreenshotScheduler()
                     ^^^^^^^^^^^^^^^^^^^^^
  File "X:\works_project\screenshoter\task_scheduler.py", line 42, in __init__
    self.config_manager = ConfigManager(config_path)
                                        ^^^^^^^^^^^
NameError: name 'config_path' is not defined

2025-09-28 23:08:13,482 - ERROR - Не удалось запустить службу
2025-09-28 23:08:13,482 - INFO - Остановка ScreenshotService
2025-09-28 23:08:13,482 - INFO - ScreenshotService остановлен
2025-09-28 23:08:13,482 - INFO - === Служба завершена ===
2025-09-28 23:10:21,748 - INFO - Логирование настроено успешно
2025-09-28 23:10:21,750 - INFO - === Запуск Screenshot Service ===
2025-09-28 23:10:21,750 - INFO - Инициализация ScreenshotService...
2025-09-28 23:10:22,174 - ERROR - Ошибка запуска службы: name 'config_path' is not defined
2025-09-28 23:10:22,175 - ERROR - Traceback (most recent call last):
  File "X:\works_project\screenshoter\main.py", line 46, in start
    self.scheduler = ScreenshotScheduler()
                     ^^^^^^^^^^^^^^^^^^^^^
  File "X:\works_project\screenshoter\task_scheduler.py", line 42, in __init__
    self.config_manager = ConfigManager(config_path)
                                        ^^^^^^^^^^^
NameError: name 'config_path' is not defined

2025-09-28 23:10:22,175 - ERROR - Не удалось запустить службу
2025-09-28 23:10:22,175 - INFO - Остановка ScreenshotService
2025-09-28 23:10:22,175 - INFO - ScreenshotService остановлен
2025-09-28 23:10:22,175 - INFO - === Служба завершена ===
2025-09-28 23:12:30,406 - INFO - Логирование настроено успешно
2025-09-28 23:12:30,406 - INFO - === Запуск Screenshot Service ===
2025-09-28 23:12:30,406 - INFO - Инициализация ScreenshotService...
2025-09-28 23:12:30,875 - ERROR - Ошибка запуска службы: name 'config_path' is not defined
2025-09-28 23:12:30,876 - ERROR - Traceback (most recent call last):
  File "X:\works_project\screenshoter\main.py", line 46, in start
    self.scheduler = ScreenshotScheduler()
                     ^^^^^^^^^^^^^^^^^^^^^
  File "X:\works_project\screenshoter\task_scheduler.py", line 42, in __init__
    self.config_manager = ConfigManager(config_path)
                                        ^^^^^^^^^^^
NameError: name 'config_path' is not defined

2025-09-28 23:12:30,876 - ERROR - Не удалось запустить службу
2025-09-28 23:12:30,876 - INFO - Остановка ScreenshotService
2025-09-28 23:12:30,876 - INFO - ScreenshotService остановлен
2025-09-28 23:12:30,877 - INFO - === Служба завершена ===
2025-09-28 23:14:39,089 - INFO - Логирование настроено успешно
2025-09-28 23:14:39,089 - INFO - === Запуск Screenshot Service ===
2025-09-28 23:14:39,089 - INFO - Инициализация ScreenshotService...
2025-09-28 23:14:39,415 - ERROR - Ошибка запуска службы: name 'config_path' is not defined
2025-09-28 23:14:39,416 - ERROR - Traceback (most recent call last):
  File "X:\works_project\screenshoter\main.py", line 46, in start
    self.scheduler = ScreenshotScheduler()
                     ^^^^^^^^^^^^^^^^^^^^^
  File "X:\works_project\screenshoter\task_scheduler.py", line 42, in __init__
    self.config_manager = ConfigManager(config_path)
                                        ^^^^^^^^^^^
NameError: name 'config_path' is not defined

2025-09-28 23:14:39,416 - ERROR - Не удалось запустить службу
2025-09-28 23:14:39,416 - INFO - Остановка ScreenshotService
2025-09-28 23:14:39,416 - INFO - ScreenshotService остановлен
2025-09-28 23:14:39,416 - INFO - === Служба завершена ===
2025-09-28 23:16:47,605 - INFO - Логирование настроено успешно
2025-09-28 23:16:47,605 - INFO - === Запуск Screenshot Service ===
2025-09-28 23:16:47,605 - INFO - Инициализация ScreenshotService...
2025-09-28 23:16:48,059 - ERROR - Ошибка запуска службы: name 'config_path' is not defined
2025-09-28 23:16:48,061 - ERROR - Traceback (most recent call last):
  File "X:\works_project\screenshoter\main.py", line 46, in start
    self.scheduler = ScreenshotScheduler()
                     ^^^^^^^^^^^^^^^^^^^^^
  File "X:\works_project\screenshoter\task_scheduler.py", line 42, in __init__
    self.config_manager = ConfigManager(config_path)
                                        ^^^^^^^^^^^
NameError: name 'config_path' is not defined

2025-09-28 23:16:48,061 - ERROR - Не удалось запустить службу
2025-09-28 23:16:48,061 - INFO - Остановка ScreenshotService
2025-09-28 23:16:48,061 - INFO - ScreenshotService остановлен
2025-09-28 23:16:48,061 - INFO - === Служба завершена ===
2025-09-28 23:18:56,299 - INFO - Логирование настроено успешно
2025-09-28 23:18:56,299 - INFO - === Запуск Screenshot Service ===
2025-09-28 23:18:56,300 - INFO - Инициализация ScreenshotService...
2025-09-28 23:18:56,694 - ERROR - Ошибка запуска службы: name 'config_path' is not defined
2025-09-28 23:18:56,695 - ERROR - Traceback (most recent call last):
  File "X:\works_project\screenshoter\main.py", line 46, in start
    self.scheduler = ScreenshotScheduler()
                     ^^^^^^^^^^^^^^^^^^^^^
  File "X:\works_project\screenshoter\task_scheduler.py", line 42, in __init__
    self.config_manager = ConfigManager(config_path)
                                        ^^^^^^^^^^^
NameError: name 'config_path' is not defined

2025-09-28 23:18:56,695 - ERROR - Не удалось запустить службу
2025-09-28 23:18:56,695 - INFO - Остановка ScreenshotService
2025-09-28 23:18:56,695 - INFO - ScreenshotService остановлен
2025-09-28 23:18:56,695 - INFO - === Служба завершена ===
2025-09-28 23:21:04,920 - INFO - Логирование настроено успешно
2025-09-28 23:21:04,920 - INFO - === Запуск Screenshot Service ===
2025-09-28 23:21:04,920 - INFO - Инициализация ScreenshotService...
2025-09-28 23:21:05,341 - ERROR - Ошибка запуска службы: name 'config_path' is not defined
2025-09-28 23:21:05,343 - ERROR - Traceback (most recent call last):
  File "X:\works_project\screenshoter\main.py", line 46, in start
    self.scheduler = ScreenshotScheduler()
                     ^^^^^^^^^^^^^^^^^^^^^
  File "X:\works_project\screenshoter\task_scheduler.py", line 42, in __init__
    self.config_manager = ConfigManager(config_path)
                                        ^^^^^^^^^^^
NameError: name 'config_path' is not defined

2025-09-28 23:21:05,343 - ERROR - Не удалось запустить службу
2025-09-28 23:21:05,343 - INFO - Остановка ScreenshotService
2025-09-28 23:21:05,343 - INFO - ScreenshotService остановлен
2025-09-28 23:21:05,343 - INFO - === Служба завершена ===
2025-09-28 23:23:13,570 - INFO - Логирование настроено успешно
2025-09-28 23:23:13,570 - INFO - === Запуск Screenshot Service ===
2025-09-28 23:23:13,570 - INFO - Инициализация ScreenshotService...
2025-09-28 23:23:14,037 - ERROR - Ошибка запуска службы: name 'config_path' is not defined
2025-09-28 23:23:14,038 - ERROR - Traceback (most recent call last):
  File "X:\works_project\screenshoter\main.py", line 46, in start
    self.scheduler = ScreenshotScheduler()
                     ^^^^^^^^^^^^^^^^^^^^^
  File "X:\works_project\screenshoter\task_scheduler.py", line 42, in __init__
    self.config_manager = ConfigManager(config_path)
                                        ^^^^^^^^^^^
NameError: name 'config_path' is not defined

2025-09-28 23:23:14,038 - ERROR - Не удалось запустить службу
2025-09-28 23:23:14,040 - INFO - Остановка ScreenshotService
2025-09-28 23:23:14,040 - INFO - ScreenshotService остановлен
2025-09-28 23:23:14,040 - INFO - === Служба завершена ===
2025-09-28 23:25:22,256 - INFO - Логирование настроено успешно
2025-09-28 23:25:22,256 - INFO - === Запуск Screenshot Service ===
2025-09-28 23:25:22,256 - INFO - Инициализация ScreenshotService...
2025-09-28 23:25:22,592 - ERROR - Ошибка запуска службы: name 'config_path' is not defined
2025-09-28 23:25:22,593 - ERROR - Traceback (most recent call last):
  File "X:\works_project\screenshoter\main.py", line 46, in start
    self.scheduler = ScreenshotScheduler()
                     ^^^^^^^^^^^^^^^^^^^^^
  File "X:\works_project\screenshoter\task_scheduler.py", line 42, in __init__
    self.config_manager = ConfigManager(config_path)
                                        ^^^^^^^^^^^
NameError: name 'config_path' is not defined

2025-09-28 23:25:22,593 - ERROR - Не удалось запустить службу
2025-09-28 23:25:22,593 - INFO - Остановка ScreenshotService
2025-09-28 23:25:22,593 - INFO - ScreenshotService остановлен
2025-09-28 23:25:22,593 - INFO - === Служба завершена ===
2025-09-28 23:27:30,807 - INFO - Логирование настроено успешно
2025-09-28 23:27:30,807 - INFO - === Запуск Screenshot Service ===
2025-09-28 23:27:30,807 - INFO - Инициализация ScreenshotService...
2025-09-28 23:27:31,249 - ERROR - Ошибка запуска службы: name 'config_path' is not defined
2025-09-28 23:27:31,252 - ERROR - Traceback (most recent call last):
  File "X:\works_project\screenshoter\main.py", line 46, in start
    self.scheduler = ScreenshotScheduler()
                     ^^^^^^^^^^^^^^^^^^^^^
  File "X:\works_project\screenshoter\task_scheduler.py", line 42, in __init__
    self.config_manager = ConfigManager(config_path)
                                        ^^^^^^^^^^^
NameError: name 'config_path' is not defined

2025-09-28 23:27:31,252 - ERROR - Не удалось запустить службу
2025-09-28 23:27:31,252 - INFO - Остановка ScreenshotService
2025-09-28 23:27:31,252 - INFO - ScreenshotService остановлен
2025-09-28 23:27:31,252 - INFO - === Служба завершена ===
2025-09-28 23:29:39,483 - INFO - Логирование настроено успешно
2025-09-28 23:29:39,484 - INFO - === Запуск Screenshot Service ===
2025-09-28 23:29:39,484 - INFO - Инициализация ScreenshotService...
2025-09-28 23:29:39,858 - ERROR - Ошибка запуска службы: name 'config_path' is not defined
2025-09-28 23:29:39,859 - ERROR - Traceback (most recent call last):
  File "X:\works_project\screenshoter\main.py", line 46, in start
    self.scheduler = ScreenshotScheduler()
                     ^^^^^^^^^^^^^^^^^^^^^
  File "X:\works_project\screenshoter\task_scheduler.py", line 42, in __init__
    self.config_manager = ConfigManager(config_path)
                                        ^^^^^^^^^^^
NameError: name 'config_path' is not defined

2025-09-28 23:29:39,859 - ERROR - Не удалось запустить службу
2025-09-28 23:29:39,859 - INFO - Остановка ScreenshotService
2025-09-28 23:29:39,859 - INFO - ScreenshotService остановлен
2025-09-28 23:29:39,860 - INFO - === Служба завершена ===
2025-09-28 23:31:48,055 - INFO - Логирование настроено успешно
2025-09-28 23:31:48,055 - INFO - === Запуск Screenshot Service ===
2025-09-28 23:31:48,056 - INFO - Инициализация ScreenshotService...
2025-09-28 23:31:48,392 - ERROR - Ошибка запуска службы: name 'config_path' is not defined
2025-09-28 23:31:48,393 - ERROR - Traceback (most recent call last):
  File "X:\works_project\screenshoter\main.py", line 46, in start
    self.scheduler = ScreenshotScheduler()
                     ^^^^^^^^^^^^^^^^^^^^^
  File "X:\works_project\screenshoter\task_scheduler.py", line 42, in __init__
    self.config_manager = ConfigManager(config_path)
                                        ^^^^^^^^^^^
NameError: name 'config_path' is not defined

2025-09-28 23:31:48,394 - ERROR - Не удалось запустить службу
2025-09-28 23:31:48,394 - INFO - Остановка ScreenshotService
2025-09-28 23:31:48,394 - INFO - ScreenshotService остановлен
2025-09-28 23:31:48,394 - INFO - === Служба завершена ===
2025-09-28 23:33:56,580 - INFO - Логирование настроено успешно
2025-09-28 23:33:56,580 - INFO - === Запуск Screenshot Service ===
2025-09-28 23:33:56,582 - INFO - Инициализация ScreenshotService...
2025-09-28 23:33:57,008 - ERROR - Ошибка запуска службы: name 'config_path' is not defined
2025-09-28 23:33:57,010 - ERROR - Traceback (most recent call last):
  File "X:\works_project\screenshoter\main.py", line 46, in start
    self.scheduler = ScreenshotScheduler()
                     ^^^^^^^^^^^^^^^^^^^^^
  File "X:\works_project\screenshoter\task_scheduler.py", line 42, in __init__
    self.config_manager = ConfigManager(config_path)
                                        ^^^^^^^^^^^
NameError: name 'config_path' is not defined

2025-09-28 23:33:57,010 - ERROR - Не удалось запустить службу
2025-09-28 23:33:57,011 - INFO - Остановка ScreenshotService
2025-09-28 23:33:57,011 - INFO - ScreenshotService остановлен
2025-09-28 23:33:57,011 - INFO - === Служба завершена ===
2025-09-28 23:36:05,231 - INFO - Логирование настроено успешно
2025-09-28 23:36:05,231 - INFO - === Запуск Screenshot Service ===
2025-09-28 23:36:05,232 - INFO - Инициализация ScreenshotService...
2025-09-28 23:36:05,688 - ERROR - Ошибка запуска службы: name 'config_path' is not defined
2025-09-28 23:36:05,691 - ERROR - Traceback (most recent call last):
  File "X:\works_project\screenshoter\main.py", line 46, in start
    self.scheduler = ScreenshotScheduler()
                     ^^^^^^^^^^^^^^^^^^^^^
  File "X:\works_project\screenshoter\task_scheduler.py", line 42, in __init__
    self.config_manager = ConfigManager(config_path)
                                        ^^^^^^^^^^^
NameError: name 'config_path' is not defined

2025-09-28 23:36:05,691 - ERROR - Не удалось запустить службу
2025-09-28 23:36:05,691 - INFO - Остановка ScreenshotService
2025-09-28 23:36:05,691 - INFO - ScreenshotService остановлен
2025-09-28 23:36:05,691 - INFO - === Служба завершена ===
2025-09-28 23:38:13,931 - INFO - Логирование настроено успешно
2025-09-28 23:38:13,932 - INFO - === Запуск Screenshot Service ===
2025-09-28 23:38:13,932 - INFO - Инициализация ScreenshotService...
2025-09-28 23:38:14,343 - ERROR - Ошибка запуска службы: name 'config_path' is not defined
2025-09-28 23:38:14,345 - ERROR - Traceback (most recent call last):
  File "X:\works_project\screenshoter\main.py", line 46, in start
    self.scheduler = ScreenshotScheduler()
                     ^^^^^^^^^^^^^^^^^^^^^
  File "X:\works_project\screenshoter\task_scheduler.py", line 42, in __init__
    self.config_manager = ConfigManager(config_path)
                                        ^^^^^^^^^^^
NameError: name 'config_path' is not defined

2025-09-28 23:38:14,345 - ERROR - Не удалось запустить службу
2025-09-28 23:38:14,345 - INFO - Остановка ScreenshotService
2025-09-28 23:38:14,345 - INFO - ScreenshotService остановлен
2025-09-28 23:38:14,345 - INFO - === Служба завершена ===
2025-09-28 23:40:22,550 - INFO - Логирование настроено успешно
2025-09-28 23:40:22,550 - INFO - === Запуск Screenshot Service ===
2025-09-28 23:40:22,550 - INFO - Инициализация ScreenshotService...
2025-09-28 23:40:22,897 - ERROR - Ошибка запуска службы: name 'config_path' is not defined
2025-09-28 23:40:22,898 - ERROR - Traceback (most recent call last):
  File "X:\works_project\screenshoter\main.py", line 46, in start
    self.scheduler = ScreenshotScheduler()
                     ^^^^^^^^^^^^^^^^^^^^^
  File "X:\works_project\screenshoter\task_scheduler.py", line 42, in __init__
    self.config_manager = ConfigManager(config_path)
                                        ^^^^^^^^^^^
NameError: name 'config_path' is not defined

2025-09-28 23:40:22,898 - ERROR - Не удалось запустить службу
2025-09-28 23:40:22,898 - INFO - Остановка ScreenshotService
2025-09-28 23:40:22,898 - INFO - ScreenshotService остановлен
2025-09-28 23:40:22,899 - INFO - === Служба завершена ===
2025-09-28 23:42:31,113 - INFO - Логирование настроено успешно
2025-09-28 23:42:31,113 - INFO - === Запуск Screenshot Service ===
2025-09-28 23:42:31,113 - INFO - Инициализация ScreenshotService...
2025-09-28 23:42:31,546 - ERROR - Ошибка запуска службы: name 'config_path' is not defined
2025-09-28 23:42:31,547 - ERROR - Traceback (most recent call last):
  File "X:\works_project\screenshoter\main.py", line 46, in start
    self.scheduler = ScreenshotScheduler()
                     ^^^^^^^^^^^^^^^^^^^^^
  File "X:\works_project\screenshoter\task_scheduler.py", line 42, in __init__
    self.config_manager = ConfigManager(config_path)
                                        ^^^^^^^^^^^
NameError: name 'config_path' is not defined

2025-09-28 23:42:31,547 - ERROR - Не удалось запустить службу
2025-09-28 23:42:31,547 - INFO - Остановка ScreenshotService
2025-09-28 23:42:31,547 - INFO - ScreenshotService остановлен
2025-09-28 23:42:31,547 - INFO - === Служба завершена ===
2025-09-28 23:44:39,763 - INFO - Логирование настроено успешно
2025-09-28 23:44:39,764 - INFO - === Запуск Screenshot Service ===
2025-09-28 23:44:39,764 - INFO - Инициализация ScreenshotService...
2025-09-28 23:44:40,137 - ERROR - Ошибка запуска службы: name 'config_path' is not defined
2025-09-28 23:44:40,138 - ERROR - Traceback (most recent call last):
  File "X:\works_project\screenshoter\main.py", line 46, in start
    self.scheduler = ScreenshotScheduler()
                     ^^^^^^^^^^^^^^^^^^^^^
  File "X:\works_project\screenshoter\task_scheduler.py", line 42, in __init__
    self.config_manager = ConfigManager(config_path)
                                        ^^^^^^^^^^^
NameError: name 'config_path' is not defined

2025-09-28 23:44:40,138 - ERROR - Не удалось запустить службу
2025-09-28 23:44:40,138 - INFO - Остановка ScreenshotService
2025-09-28 23:44:40,138 - INFO - ScreenshotService остановлен
2025-09-28 23:44:40,138 - INFO - === Служба завершена ===
2025-09-28 23:46:48,350 - INFO - Логирование настроено успешно
2025-09-28 23:46:48,350 - INFO - === Запуск Screenshot Service ===
2025-09-28 23:46:48,350 - INFO - Инициализация ScreenshotService...
2025-09-28 23:46:48,785 - ERROR - Ошибка запуска службы: name 'config_path' is not defined
2025-09-28 23:46:48,786 - ERROR - Traceback (most recent call last):
  File "X:\works_project\screenshoter\main.py", line 46, in start
    self.scheduler = ScreenshotScheduler()
                     ^^^^^^^^^^^^^^^^^^^^^
  File "X:\works_project\screenshoter\task_scheduler.py", line 42, in __init__
    self.config_manager = ConfigManager(config_path)
                                        ^^^^^^^^^^^
NameError: name 'config_path' is not defined

2025-09-28 23:46:48,787 - ERROR - Не удалось запустить службу
2025-09-28 23:46:48,787 - INFO - Остановка ScreenshotService
2025-09-28 23:46:48,787 - INFO - ScreenshotService остановлен
2025-09-28 23:46:48,787 - INFO - === Служба завершена ===
2025-09-28 23:48:57,027 - INFO - Логирование настроено успешно
2025-09-28 23:48:57,027 - INFO - === Запуск Screenshot Service ===
2025-09-28 23:48:57,027 - INFO - Инициализация ScreenshotService...
2025-09-28 23:48:57,499 - ERROR - Ошибка запуска службы: name 'config_path' is not defined
2025-09-28 23:48:57,501 - ERROR - Traceback (most recent call last):
  File "X:\works_project\screenshoter\main.py", line 46, in start
    self.scheduler = ScreenshotScheduler()
                     ^^^^^^^^^^^^^^^^^^^^^
  File "X:\works_project\screenshoter\task_scheduler.py", line 42, in __init__
    self.config_manager = ConfigManager(config_path)
                                        ^^^^^^^^^^^
NameError: name 'config_path' is not defined

2025-09-28 23:48:57,501 - ERROR - Не удалось запустить службу
2025-09-28 23:48:57,501 - INFO - Остановка ScreenshotService
2025-09-28 23:48:57,501 - INFO - ScreenshotService остановлен
2025-09-28 23:48:57,501 - INFO - === Служба завершена ===
2025-09-28 23:51:05,766 - INFO - Логирование настроено успешно
2025-09-28 23:51:05,767 - INFO - === Запуск Screenshot Service ===
2025-09-28 23:51:05,767 - INFO - Инициализация ScreenshotService...
2025-09-28 23:51:06,280 - ERROR - Ошибка запуска службы: name 'config_path' is not defined
2025-09-28 23:51:06,283 - ERROR - Traceback (most recent call last):
  File "X:\works_project\screenshoter\main.py", line 46, in start
    self.scheduler = ScreenshotScheduler()
                     ^^^^^^^^^^^^^^^^^^^^^
  File "X:\works_project\screenshoter\task_scheduler.py", line 42, in __init__
    self.config_manager = ConfigManager(config_path)
                                        ^^^^^^^^^^^
NameError: name 'config_path' is not defined

2025-09-28 23:51:06,283 - ERROR - Не удалось запустить службу
2025-09-28 23:51:06,283 - INFO - Остановка ScreenshotService
2025-09-28 23:51:06,283 - INFO - ScreenshotService остановлен
2025-09-28 23:51:06,283 - INFO - === Служба завершена ===
2025-09-28 23:53:14,542 - INFO - Логирование настроено успешно
2025-09-28 23:53:14,542 - INFO - === Запуск Screenshot Service ===
2025-09-28 23:53:14,542 - INFO - Инициализация ScreenshotService...
2025-09-28 23:53:14,967 - ERROR - Ошибка запуска службы: name 'config_path' is not defined
2025-09-28 23:53:14,968 - ERROR - Traceback (most recent call last):
  File "X:\works_project\screenshoter\main.py", line 46, in start
    self.scheduler = ScreenshotScheduler()
                     ^^^^^^^^^^^^^^^^^^^^^
  File "X:\works_project\screenshoter\task_scheduler.py", line 42, in __init__
    self.config_manager = ConfigManager(config_path)
                                        ^^^^^^^^^^^
NameError: name 'config_path' is not defined

2025-09-28 23:53:14,968 - ERROR - Не удалось запустить службу
2025-09-28 23:53:14,968 - INFO - Остановка ScreenshotService
2025-09-28 23:53:14,968 - INFO - ScreenshotService остановлен
2025-09-28 23:53:14,968 - INFO - === Служба завершена ===
2025-09-28 23:55:23,209 - INFO - Логирование настроено успешно
2025-09-28 23:55:23,209 - INFO - === Запуск Screenshot Service ===
2025-09-28 23:55:23,209 - INFO - Инициализация ScreenshotService...
2025-09-28 23:55:23,663 - ERROR - Ошибка запуска службы: name 'config_path' is not defined
2025-09-28 23:55:23,664 - ERROR - Traceback (most recent call last):
  File "X:\works_project\screenshoter\main.py", line 46, in start
    self.scheduler = ScreenshotScheduler()
                     ^^^^^^^^^^^^^^^^^^^^^
  File "X:\works_project\screenshoter\task_scheduler.py", line 42, in __init__
    self.config_manager = ConfigManager(config_path)
                                        ^^^^^^^^^^^
NameError: name 'config_path' is not defined

2025-09-28 23:55:23,664 - ERROR - Не удалось запустить службу
2025-09-28 23:55:23,665 - INFO - Остановка ScreenshotService
2025-09-28 23:55:23,665 - INFO - ScreenshotService остановлен
2025-09-28 23:55:23,665 - INFO - === Служба завершена ===
2025-09-28 23:57:31,909 - INFO - Логирование настроено успешно
2025-09-28 23:57:31,910 - INFO - === Запуск Screenshot Service ===
2025-09-28 23:57:31,910 - INFO - Инициализация ScreenshotService...
2025-09-28 23:57:32,347 - ERROR - Ошибка запуска службы: name 'config_path' is not defined
2025-09-28 23:57:32,348 - ERROR - Traceback (most recent call last):
  File "X:\works_project\screenshoter\main.py", line 46, in start
    self.scheduler = ScreenshotScheduler()
                     ^^^^^^^^^^^^^^^^^^^^^
  File "X:\works_project\screenshoter\task_scheduler.py", line 42, in __init__
    self.config_manager = ConfigManager(config_path)
                                        ^^^^^^^^^^^
NameError: name 'config_path' is not defined

2025-09-28 23:57:32,348 - ERROR - Не удалось запустить службу
2025-09-28 23:57:32,348 - INFO - Остановка ScreenshotService
2025-09-28 23:57:32,349 - INFO - ScreenshotService остановлен
2025-09-28 23:57:32,349 - INFO - === Служба завершена ===
2025-09-28 23:59:40,571 - INFO - Логирование настроено успешно
2025-09-28 23:59:40,571 - INFO - === Запуск Screenshot Service ===
2025-09-28 23:59:40,571 - INFO - Инициализация ScreenshotService...
2025-09-28 23:59:41,007 - ERROR - Ошибка запуска службы: name 'config_path' is not defined
2025-09-28 23:59:41,008 - ERROR - Traceback (most recent call last):
  File "X:\works_project\screenshoter\main.py", line 46, in start
    self.scheduler = ScreenshotScheduler()
                     ^^^^^^^^^^^^^^^^^^^^^
  File "X:\works_project\screenshoter\task_scheduler.py", line 42, in __init__
    self.config_manager = ConfigManager(config_path)
                                        ^^^^^^^^^^^
NameError: name 'config_path' is not defined

2025-09-28 23:59:41,009 - ERROR - Не удалось запустить службу
2025-09-28 23:59:41,009 - INFO - Остановка ScreenshotService
2025-09-28 23:59:41,009 - INFO - ScreenshotService остановлен
2025-09-28 23:59:41,009 - INFO - === Служба завершена ===
2025-09-29 00:01:49,226 - INFO - Логирование настроено успешно
2025-09-29 00:01:49,226 - INFO - === Запуск Screenshot Service ===
2025-09-29 00:01:49,226 - INFO - Инициализация ScreenshotService...
2025-09-29 00:01:49,601 - ERROR - Ошибка запуска службы: name 'config_path' is not defined
2025-09-29 00:01:49,602 - ERROR - Traceback (most recent call last):
  File "X:\works_project\screenshoter\main.py", line 46, in start
    self.scheduler = ScreenshotScheduler()
                     ^^^^^^^^^^^^^^^^^^^^^
  File "X:\works_project\screenshoter\task_scheduler.py", line 42, in __init__
    self.config_manager = ConfigManager(config_path)
                                        ^^^^^^^^^^^
NameError: name 'config_path' is not defined

2025-09-29 00:01:49,602 - ERROR - Не удалось запустить службу
2025-09-29 00:01:49,602 - INFO - Остановка ScreenshotService
2025-09-29 00:01:49,603 - INFO - ScreenshotService остановлен
2025-09-29 00:01:49,603 - INFO - === Служба завершена ===
2025-09-29 00:03:57,796 - INFO - Логирование настроено успешно
2025-09-29 00:03:57,797 - INFO - === Запуск Screenshot Service ===
2025-09-29 00:03:57,797 - INFO - Инициализация ScreenshotService...
2025-09-29 00:03:58,211 - ERROR - Ошибка запуска службы: name 'config_path' is not defined
2025-09-29 00:03:58,212 - ERROR - Traceback (most recent call last):
  File "X:\works_project\screenshoter\main.py", line 46, in start
    self.scheduler = ScreenshotScheduler()
                     ^^^^^^^^^^^^^^^^^^^^^
  File "X:\works_project\screenshoter\task_scheduler.py", line 42, in __init__
    self.config_manager = ConfigManager(config_path)
                                        ^^^^^^^^^^^
NameError: name 'config_path' is not defined

2025-09-29 00:03:58,212 - ERROR - Не удалось запустить службу
2025-09-29 00:03:58,212 - INFO - Остановка ScreenshotService
2025-09-29 00:03:58,212 - INFO - ScreenshotService остановлен
2025-09-29 00:03:58,212 - INFO - === Служба завершена ===
2025-09-29 00:06:06,421 - INFO - Логирование настроено успешно
2025-09-29 00:06:06,421 - INFO - === Запуск Screenshot Service ===
2025-09-29 00:06:06,421 - INFO - Инициализация ScreenshotService...
2025-09-29 00:06:06,794 - ERROR - Ошибка запуска службы: name 'config_path' is not defined
2025-09-29 00:06:06,795 - ERROR - Traceback (most recent call last):
  File "X:\works_project\screenshoter\main.py", line 46, in start
    self.scheduler = ScreenshotScheduler()
                     ^^^^^^^^^^^^^^^^^^^^^
  File "X:\works_project\screenshoter\task_scheduler.py", line 42, in __init__
    self.config_manager = ConfigManager(config_path)
                                        ^^^^^^^^^^^
NameError: name 'config_path' is not defined

2025-09-29 00:06:06,795 - ERROR - Не удалось запустить службу
2025-09-29 00:06:06,795 - INFO - Остановка ScreenshotService
2025-09-29 00:06:06,795 - INFO - ScreenshotService остановлен
2025-09-29 00:06:06,795 - INFO - === Служба завершена ===
2025-09-29 00:08:15,002 - INFO - Логирование настроено успешно
2025-09-29 00:08:15,002 - INFO - === Запуск Screenshot Service ===
2025-09-29 00:08:15,002 - INFO - Инициализация ScreenshotService...
2025-09-29 00:08:15,406 - ERROR - Ошибка запуска службы: name 'config_path' is not defined
2025-09-29 00:08:15,407 - ERROR - Traceback (most recent call last):
  File "X:\works_project\screenshoter\main.py", line 46, in start
    self.scheduler = ScreenshotScheduler()
                     ^^^^^^^^^^^^^^^^^^^^^
  File "X:\works_project\screenshoter\task_scheduler.py", line 42, in __init__
    self.config_manager = ConfigManager(config_path)
                                        ^^^^^^^^^^^
NameError: name 'config_path' is not defined

2025-09-29 00:08:15,407 - ERROR - Не удалось запустить службу
2025-09-29 00:08:15,407 - INFO - Остановка ScreenshotService
2025-09-29 00:08:15,407 - INFO - ScreenshotService остановлен
2025-09-29 00:08:15,407 - INFO - === Служба завершена ===
2025-09-29 00:10:23,611 - INFO - Логирование настроено успешно
2025-09-29 00:10:23,611 - INFO - === Запуск Screenshot Service ===
2025-09-29 00:10:23,612 - INFO - Инициализация ScreenshotService...
2025-09-29 00:10:23,959 - ERROR - Ошибка запуска службы: name 'config_path' is not defined
2025-09-29 00:10:23,960 - ERROR - Traceback (most recent call last):
  File "X:\works_project\screenshoter\main.py", line 46, in start
    self.scheduler = ScreenshotScheduler()
                     ^^^^^^^^^^^^^^^^^^^^^
  File "X:\works_project\screenshoter\task_scheduler.py", line 42, in __init__
    self.config_manager = ConfigManager(config_path)
                                        ^^^^^^^^^^^
NameError: name 'config_path' is not defined

2025-09-29 00:10:23,960 - ERROR - Не удалось запустить службу
2025-09-29 00:10:23,960 - INFO - Остановка ScreenshotService
2025-09-29 00:10:23,960 - INFO - ScreenshotService остановлен
2025-09-29 00:10:23,960 - INFO - === Служба завершена ===
2025-09-29 00:12:32,159 - INFO - Логирование настроено успешно
2025-09-29 00:12:32,159 - INFO - === Запуск Screenshot Service ===
2025-09-29 00:12:32,159 - INFO - Инициализация ScreenshotService...
2025-09-29 00:12:32,585 - ERROR - Ошибка запуска службы: name 'config_path' is not defined
2025-09-29 00:12:32,586 - ERROR - Traceback (most recent call last):
  File "X:\works_project\screenshoter\main.py", line 46, in start
    self.scheduler = ScreenshotScheduler()
                     ^^^^^^^^^^^^^^^^^^^^^
  File "X:\works_project\screenshoter\task_scheduler.py", line 42, in __init__
    self.config_manager = ConfigManager(config_path)
                                        ^^^^^^^^^^^
NameError: name 'config_path' is not defined

2025-09-29 00:12:32,586 - ERROR - Не удалось запустить службу
2025-09-29 00:12:32,586 - INFO - Остановка ScreenshotService
2025-09-29 00:12:32,586 - INFO - ScreenshotService остановлен
2025-09-29 00:12:32,587 - INFO - === Служба завершена ===
2025-09-29 00:14:40,795 - INFO - Логирование настроено успешно
2025-09-29 00:14:40,795 - INFO - === Запуск Screenshot Service ===
2025-09-29 00:14:40,795 - INFO - Инициализация ScreenshotService...
2025-09-29 00:14:41,183 - ERROR - Ошибка запуска службы: name 'config_path' is not defined
2025-09-29 00:14:41,184 - ERROR - Traceback (most recent call last):
  File "X:\works_project\screenshoter\main.py", line 46, in start
    self.scheduler = ScreenshotScheduler()
                     ^^^^^^^^^^^^^^^^^^^^^
  File "X:\works_project\screenshoter\task_scheduler.py", line 42, in __init__
    self.config_manager = ConfigManager(config_path)
                                        ^^^^^^^^^^^
NameError: name 'config_path' is not defined

2025-09-29 00:14:41,184 - ERROR - Не удалось запустить службу
2025-09-29 00:14:41,185 - INFO - Остановка ScreenshotService
2025-09-29 00:14:41,185 - INFO - ScreenshotService остановлен
2025-09-29 00:14:41,185 - INFO - === Служба завершена ===
2025-09-29 00:16:49,407 - INFO - Логирование настроено успешно
2025-09-29 00:16:49,407 - INFO - === Запуск Screenshot Service ===
2025-09-29 00:16:49,408 - INFO - Инициализация ScreenshotService...
2025-09-29 00:16:49,811 - ERROR - Ошибка запуска службы: name 'config_path' is not defined
2025-09-29 00:16:49,812 - ERROR - Traceback (most recent call last):
  File "X:\works_project\screenshoter\main.py", line 46, in start
    self.scheduler = ScreenshotScheduler()
                     ^^^^^^^^^^^^^^^^^^^^^
  File "X:\works_project\screenshoter\task_scheduler.py", line 42, in __init__
    self.config_manager = ConfigManager(config_path)
                                        ^^^^^^^^^^^
NameError: name 'config_path' is not defined

2025-09-29 00:16:49,812 - ERROR - Не удалось запустить службу
2025-09-29 00:16:49,813 - INFO - Остановка ScreenshotService
2025-09-29 00:16:49,813 - INFO - ScreenshotService остановлен
2025-09-29 00:16:49,813 - INFO - === Служба завершена ===
2025-09-29 00:18:58,028 - INFO - Логирование настроено успешно
2025-09-29 00:18:58,028 - INFO - === Запуск Screenshot Service ===
2025-09-29 00:18:58,028 - INFO - Инициализация ScreenshotService...
2025-09-29 00:18:58,421 - ERROR - Ошибка запуска службы: name 'config_path' is not defined
2025-09-29 00:18:58,423 - ERROR - Traceback (most recent call last):
  File "X:\works_project\screenshoter\main.py", line 46, in start
    self.scheduler = ScreenshotScheduler()
                     ^^^^^^^^^^^^^^^^^^^^^
  File "X:\works_project\screenshoter\task_scheduler.py", line 42, in __init__
    self.config_manager = ConfigManager(config_path)
                                        ^^^^^^^^^^^
NameError: name 'config_path' is not defined

2025-09-29 00:18:58,423 - ERROR - Не удалось запустить службу
2025-09-29 00:18:58,423 - INFO - Остановка ScreenshotService
2025-09-29 00:18:58,423 - INFO - ScreenshotService остановлен
2025-09-29 00:18:58,423 - INFO - === Служба завершена ===
2025-09-29 00:21:06,648 - INFO - Логирование настроено успешно
2025-09-29 00:21:06,648 - INFO - === Запуск Screenshot Service ===
2025-09-29 00:21:06,648 - INFO - Инициализация ScreenshotService...
2025-09-29 00:21:07,086 - ERROR - Ошибка запуска службы: name 'config_path' is not defined
2025-09-29 00:21:07,087 - ERROR - Traceback (most recent call last):
  File "X:\works_project\screenshoter\main.py", line 46, in start
    self.scheduler = ScreenshotScheduler()
                     ^^^^^^^^^^^^^^^^^^^^^
  File "X:\works_project\screenshoter\task_scheduler.py", line 42, in __init__
    self.config_manager = ConfigManager(config_path)
                                        ^^^^^^^^^^^
NameError: name 'config_path' is not defined

2025-09-29 00:21:07,087 - ERROR - Не удалось запустить службу
2025-09-29 00:21:07,087 - INFO - Остановка ScreenshotService
2025-09-29 00:21:07,087 - INFO - ScreenshotService остановлен
2025-09-29 00:21:07,087 - INFO - === Служба завершена ===
2025-09-29 00:23:15,311 - INFO - Логирование настроено успешно
2025-09-29 00:23:15,311 - INFO - === Запуск Screenshot Service ===
2025-09-29 00:23:15,311 - INFO - Инициализация ScreenshotService...
2025-09-29 00:23:15,728 - ERROR - Ошибка запуска службы: name 'config_path' is not defined
2025-09-29 00:23:15,729 - ERROR - Traceback (most recent call last):
  File "X:\works_project\screenshoter\main.py", line 46, in start
    self.scheduler = ScreenshotScheduler()
                     ^^^^^^^^^^^^^^^^^^^^^
  File "X:\works_project\screenshoter\task_scheduler.py", line 42, in __init__
    self.config_manager = ConfigManager(config_path)
                                        ^^^^^^^^^^^
NameError: name 'config_path' is not defined

2025-09-29 00:23:15,729 - ERROR - Не удалось запустить службу
2025-09-29 00:23:15,729 - INFO - Остановка ScreenshotService
2025-09-29 00:23:15,729 - INFO - ScreenshotService остановлен
2025-09-29 00:23:15,729 - INFO - === Служба завершена ===
2025-09-29 00:25:23,945 - INFO - Логирование настроено успешно
2025-09-29 00:25:23,945 - INFO - === Запуск Screenshot Service ===
2025-09-29 00:25:23,945 - INFO - Инициализация ScreenshotService...
2025-09-29 00:25:24,334 - ERROR - Ошибка запуска службы: name 'config_path' is not defined
2025-09-29 00:25:24,335 - ERROR - Traceback (most recent call last):
  File "X:\works_project\screenshoter\main.py", line 46, in start
    self.scheduler = ScreenshotScheduler()
                     ^^^^^^^^^^^^^^^^^^^^^
  File "X:\works_project\screenshoter\task_scheduler.py", line 42, in __init__
    self.config_manager = ConfigManager(config_path)
                                        ^^^^^^^^^^^
NameError: name 'config_path' is not defined

2025-09-29 00:25:24,335 - ERROR - Не удалось запустить службу
2025-09-29 00:25:24,335 - INFO - Остановка ScreenshotService
2025-09-29 00:25:24,335 - INFO - ScreenshotService остановлен
2025-09-29 00:25:24,335 - INFO - === Служба завершена ===
2025-09-29 00:27:32,547 - INFO - Логирование настроено успешно
2025-09-29 00:27:32,547 - INFO - === Запуск Screenshot Service ===
2025-09-29 00:27:32,548 - INFO - Инициализация ScreenshotService...
2025-09-29 00:27:32,959 - ERROR - Ошибка запуска службы: name 'config_path' is not defined
2025-09-29 00:27:32,960 - ERROR - Traceback (most recent call last):
  File "X:\works_project\screenshoter\main.py", line 46, in start
    self.scheduler = ScreenshotScheduler()
                     ^^^^^^^^^^^^^^^^^^^^^
  File "X:\works_project\screenshoter\task_scheduler.py", line 42, in __init__
    self.config_manager = ConfigManager(config_path)
                                        ^^^^^^^^^^^
NameError: name 'config_path' is not defined

2025-09-29 00:27:32,961 - ERROR - Не удалось запустить службу
2025-09-29 00:27:32,961 - INFO - Остановка ScreenshotService
2025-09-29 00:27:32,961 - INFO - ScreenshotService остановлен
2025-09-29 00:27:32,961 - INFO - === Служба завершена ===
2025-09-29 00:29:41,161 - INFO - Логирование настроено успешно
2025-09-29 00:29:41,161 - INFO - === Запуск Screenshot Service ===
2025-09-29 00:29:41,161 - INFO - Инициализация ScreenshotService...
2025-09-29 00:29:41,533 - ERROR - Ошибка запуска службы: name 'config_path' is not defined
2025-09-29 00:29:41,535 - ERROR - Traceback (most recent call last):
  File "X:\works_project\screenshoter\main.py", line 46, in start
    self.scheduler = ScreenshotScheduler()
                     ^^^^^^^^^^^^^^^^^^^^^
  File "X:\works_project\screenshoter\task_scheduler.py", line 42, in __init__
    self.config_manager = ConfigManager(config_path)
                                        ^^^^^^^^^^^
NameError: name 'config_path' is not defined

2025-09-29 00:29:41,535 - ERROR - Не удалось запустить службу
2025-09-29 00:29:41,535 - INFO - Остановка ScreenshotService
2025-09-29 00:29:41,535 - INFO - ScreenshotService остановлен
2025-09-29 00:29:41,535 - INFO - === Служба завершена ===
2025-09-29 00:31:49,735 - INFO - Логирование настроено успешно
2025-09-29 00:31:49,735 - INFO - === Запуск Screenshot Service ===
2025-09-29 00:31:49,735 - INFO - Инициализация ScreenshotService...
2025-09-29 00:31:50,125 - ERROR - Ошибка запуска службы: name 'config_path' is not defined
2025-09-29 00:31:50,127 - ERROR - Traceback (most recent call last):
  File "X:\works_project\screenshoter\main.py", line 46, in start
    self.scheduler = ScreenshotScheduler()
                     ^^^^^^^^^^^^^^^^^^^^^
  File "X:\works_project\screenshoter\task_scheduler.py", line 42, in __init__
    self.config_manager = ConfigManager(config_path)
                                        ^^^^^^^^^^^
NameError: name 'config_path' is not defined

2025-09-29 00:31:50,127 - ERROR - Не удалось запустить службу
2025-09-29 00:31:50,127 - INFO - Остановка ScreenshotService
2025-09-29 00:31:50,127 - INFO - ScreenshotService остановлен
2025-09-29 00:31:50,127 - INFO - === Служба завершена ===
2025-09-29 00:33:58,305 - INFO - Логирование настроено успешно
2025-09-29 00:33:58,305 - INFO - === Запуск Screenshot Service ===
2025-09-29 00:33:58,305 - INFO - Инициализация ScreenshotService...
2025-09-29 00:33:58,628 - ERROR - Ошибка запуска службы: name 'config_path' is not defined
2025-09-29 00:33:58,629 - ERROR - Traceback (most recent call last):
  File "X:\works_project\screenshoter\main.py", line 46, in start
    self.scheduler = ScreenshotScheduler()
                     ^^^^^^^^^^^^^^^^^^^^^
  File "X:\works_project\screenshoter\task_scheduler.py", line 42, in __init__
    self.config_manager = ConfigManager(config_path)
                                        ^^^^^^^^^^^
NameError: name 'config_path' is not defined

2025-09-29 00:33:58,629 - ERROR - Не удалось запустить службу
2025-09-29 00:33:58,630 - INFO - Остановка ScreenshotService
2025-09-29 00:33:58,630 - INFO - ScreenshotService остановлен
2025-09-29 00:33:58,630 - INFO - === Служба завершена ===
2025-09-29 00:36:06,849 - INFO - Логирование настроено успешно
2025-09-29 00:36:06,850 - INFO - === Запуск Screenshot Service ===
2025-09-29 00:36:06,850 - INFO - Инициализация ScreenshotService...
2025-09-29 00:36:07,322 - ERROR - Ошибка запуска службы: name 'config_path' is not defined
2025-09-29 00:36:07,323 - ERROR - Traceback (most recent call last):
  File "X:\works_project\screenshoter\main.py", line 46, in start
    self.scheduler = ScreenshotScheduler()
                     ^^^^^^^^^^^^^^^^^^^^^
  File "X:\works_project\screenshoter\task_scheduler.py", line 42, in __init__
    self.config_manager = ConfigManager(config_path)
                                        ^^^^^^^^^^^
NameError: name 'config_path' is not defined

2025-09-29 00:36:07,323 - ERROR - Не удалось запустить службу
2025-09-29 00:36:07,323 - INFO - Остановка ScreenshotService
2025-09-29 00:36:07,323 - INFO - ScreenshotService остановлен
2025-09-29 00:36:07,323 - INFO - === Служба завершена ===
2025-09-29 00:38:15,526 - INFO - Логирование настроено успешно
2025-09-29 00:38:15,526 - INFO - === Запуск Screenshot Service ===
2025-09-29 00:38:15,528 - INFO - Инициализация ScreenshotService...
2025-09-29 00:38:15,879 - ERROR - Ошибка запуска службы: name 'config_path' is not defined
2025-09-29 00:38:15,880 - ERROR - Traceback (most recent call last):
  File "X:\works_project\screenshoter\main.py", line 46, in start
    self.scheduler = ScreenshotScheduler()
                     ^^^^^^^^^^^^^^^^^^^^^
  File "X:\works_project\screenshoter\task_scheduler.py", line 42, in __init__
    self.config_manager = ConfigManager(config_path)
                                        ^^^^^^^^^^^
NameError: name 'config_path' is not defined

2025-09-29 00:38:15,880 - ERROR - Не удалось запустить службу
2025-09-29 00:38:15,880 - INFO - Остановка ScreenshotService
2025-09-29 00:38:15,880 - INFO - ScreenshotService остановлен
2025-09-29 00:38:15,880 - INFO - === Служба завершена ===
2025-09-29 00:40:24,080 - INFO - Логирование настроено успешно
2025-09-29 00:40:24,080 - INFO - === Запуск Screenshot Service ===
2025-09-29 00:40:24,081 - INFO - Инициализация ScreenshotService...
2025-09-29 00:40:24,503 - ERROR - Ошибка запуска службы: name 'config_path' is not defined
2025-09-29 00:40:24,504 - ERROR - Traceback (most recent call last):
  File "X:\works_project\screenshoter\main.py", line 46, in start
    self.scheduler = ScreenshotScheduler()
                     ^^^^^^^^^^^^^^^^^^^^^
  File "X:\works_project\screenshoter\task_scheduler.py", line 42, in __init__
    self.config_manager = ConfigManager(config_path)
                                        ^^^^^^^^^^^
NameError: name 'config_path' is not defined

2025-09-29 00:40:24,504 - ERROR - Не удалось запустить службу
2025-09-29 00:40:24,504 - INFO - Остановка ScreenshotService
2025-09-29 00:40:24,504 - INFO - ScreenshotService остановлен
2025-09-29 00:40:24,504 - INFO - === Служба завершена ===
2025-09-29 00:42:32,721 - INFO - Логирование настроено успешно
2025-09-29 00:42:32,721 - INFO - === Запуск Screenshot Service ===
2025-09-29 00:42:32,722 - INFO - Инициализация ScreenshotService...
2025-09-29 00:42:33,135 - ERROR - Ошибка запуска службы: name 'config_path' is not defined
2025-09-29 00:42:33,136 - ERROR - Traceback (most recent call last):
  File "X:\works_project\screenshoter\main.py", line 46, in start
    self.scheduler = ScreenshotScheduler()
                     ^^^^^^^^^^^^^^^^^^^^^
  File "X:\works_project\screenshoter\task_scheduler.py", line 42, in __init__
    self.config_manager = ConfigManager(config_path)
                                        ^^^^^^^^^^^
NameError: name 'config_path' is not defined

2025-09-29 00:42:33,136 - ERROR - Не удалось запустить службу
2025-09-29 00:42:33,136 - INFO - Остановка ScreenshotService
2025-09-29 00:42:33,136 - INFO - ScreenshotService остановлен
2025-09-29 00:42:33,136 - INFO - === Служба завершена ===
2025-09-29 00:44:41,374 - INFO - Логирование настроено успешно
2025-09-29 00:44:41,374 - INFO - === Запуск Screenshot Service ===
2025-09-29 00:44:41,374 - INFO - Инициализация ScreenshotService...
2025-09-29 00:44:41,805 - ERROR - Ошибка запуска службы: name 'config_path' is not defined
2025-09-29 00:44:41,805 - ERROR - Traceback (most recent call last):
  File "X:\works_project\screenshoter\main.py", line 46, in start
    self.scheduler = ScreenshotScheduler()
                     ^^^^^^^^^^^^^^^^^^^^^
  File "X:\works_project\screenshoter\task_scheduler.py", line 42, in __init__
    self.config_manager = ConfigManager(config_path)
                                        ^^^^^^^^^^^
NameError: name 'config_path' is not defined

2025-09-29 00:44:41,805 - ERROR - Не удалось запустить службу
2025-09-29 00:44:41,807 - INFO - Остановка ScreenshotService
2025-09-29 00:44:41,807 - INFO - ScreenshotService остановлен
2025-09-29 00:44:41,807 - INFO - === Служба завершена ===
2025-09-29 00:46:50,028 - INFO - Логирование настроено успешно
2025-09-29 00:46:50,028 - INFO - === Запуск Screenshot Service ===
2025-09-29 00:46:50,028 - INFO - Инициализация ScreenshotService...
2025-09-29 00:46:50,446 - ERROR - Ошибка запуска службы: name 'config_path' is not defined
2025-09-29 00:46:50,447 - ERROR - Traceback (most recent call last):
  File "X:\works_project\screenshoter\main.py", line 46, in start
    self.scheduler = ScreenshotScheduler()
                     ^^^^^^^^^^^^^^^^^^^^^
  File "X:\works_project\screenshoter\task_scheduler.py", line 42, in __init__
    self.config_manager = ConfigManager(config_path)
                                        ^^^^^^^^^^^
NameError: name 'config_path' is not defined

2025-09-29 00:46:50,447 - ERROR - Не удалось запустить службу
2025-09-29 00:46:50,448 - INFO - Остановка ScreenshotService
2025-09-29 00:46:50,448 - INFO - ScreenshotService остановлен
2025-09-29 00:46:50,448 - INFO - === Служба завершена ===
2025-09-29 00:48:58,686 - INFO - Логирование настроено успешно
2025-09-29 00:48:58,688 - INFO - === Запуск Screenshot Service ===
2025-09-29 00:48:58,688 - INFO - Инициализация ScreenshotService...
2025-09-29 00:48:59,153 - ERROR - Ошибка запуска службы: name 'config_path' is not defined
2025-09-29 00:48:59,154 - ERROR - Traceback (most recent call last):
  File "X:\works_project\screenshoter\main.py", line 46, in start
    self.scheduler = ScreenshotScheduler()
                     ^^^^^^^^^^^^^^^^^^^^^
  File "X:\works_project\screenshoter\task_scheduler.py", line 42, in __init__
    self.config_manager = ConfigManager(config_path)
                                        ^^^^^^^^^^^
NameError: name 'config_path' is not defined

2025-09-29 00:48:59,154 - ERROR - Не удалось запустить службу
2025-09-29 00:48:59,154 - INFO - Остановка ScreenshotService
2025-09-29 00:48:59,154 - INFO - ScreenshotService остановлен
2025-09-29 00:48:59,154 - INFO - === Служба завершена ===
2025-09-29 00:51:07,385 - INFO - Логирование настроено успешно
2025-09-29 00:51:07,385 - INFO - === Запуск Screenshot Service ===
2025-09-29 00:51:07,385 - INFO - Инициализация ScreenshotService...
2025-09-29 00:51:07,744 - ERROR - Ошибка запуска службы: name 'config_path' is not defined
2025-09-29 00:51:07,746 - ERROR - Traceback (most recent call last):
  File "X:\works_project\screenshoter\main.py", line 46, in start
    self.scheduler = ScreenshotScheduler()
                     ^^^^^^^^^^^^^^^^^^^^^
  File "X:\works_project\screenshoter\task_scheduler.py", line 42, in __init__
    self.config_manager = ConfigManager(config_path)
                                        ^^^^^^^^^^^
NameError: name 'config_path' is not defined

2025-09-29 00:51:07,746 - ERROR - Не удалось запустить службу
2025-09-29 00:51:07,746 - INFO - Остановка ScreenshotService
2025-09-29 00:51:07,746 - INFO - ScreenshotService остановлен
2025-09-29 00:51:07,746 - INFO - === Служба завершена ===
2025-09-29 00:53:15,938 - INFO - Логирование настроено успешно
2025-09-29 00:53:15,939 - INFO - === Запуск Screenshot Service ===
2025-09-29 00:53:15,939 - INFO - Инициализация ScreenshotService...
2025-09-29 00:53:16,338 - ERROR - Ошибка запуска службы: name 'config_path' is not defined
2025-09-29 00:53:16,339 - ERROR - Traceback (most recent call last):
  File "X:\works_project\screenshoter\main.py", line 46, in start
    self.scheduler = ScreenshotScheduler()
                     ^^^^^^^^^^^^^^^^^^^^^
  File "X:\works_project\screenshoter\task_scheduler.py", line 42, in __init__
    self.config_manager = ConfigManager(config_path)
                                        ^^^^^^^^^^^
NameError: name 'config_path' is not defined

2025-09-29 00:53:16,339 - ERROR - Не удалось запустить службу
2025-09-29 00:53:16,339 - INFO - Остановка ScreenshotService
2025-09-29 00:53:16,339 - INFO - ScreenshotService остановлен
2025-09-29 00:53:16,339 - INFO - === Служба завершена ===
2025-09-29 00:55:24,550 - INFO - Логирование настроено успешно
2025-09-29 00:55:24,550 - INFO - === Запуск Screenshot Service ===
2025-09-29 00:55:24,551 - INFO - Инициализация ScreenshotService...
2025-09-29 00:55:24,941 - ERROR - Ошибка запуска службы: name 'config_path' is not defined
2025-09-29 00:55:24,942 - ERROR - Traceback (most recent call last):
  File "X:\works_project\screenshoter\main.py", line 46, in start
    self.scheduler = ScreenshotScheduler()
                     ^^^^^^^^^^^^^^^^^^^^^
  File "X:\works_project\screenshoter\task_scheduler.py", line 42, in __init__
    self.config_manager = ConfigManager(config_path)
                                        ^^^^^^^^^^^
NameError: name 'config_path' is not defined

2025-09-29 00:55:24,942 - ERROR - Не удалось запустить службу
2025-09-29 00:55:24,942 - INFO - Остановка ScreenshotService
2025-09-29 00:55:24,943 - INFO - ScreenshotService остановлен
2025-09-29 00:55:24,943 - INFO - === Служба завершена ===
2025-09-29 00:57:33,151 - INFO - Логирование настроено успешно
2025-09-29 00:57:33,151 - INFO - === Запуск Screenshot Service ===
2025-09-29 00:57:33,151 - INFO - Инициализация ScreenshotService...
2025-09-29 00:57:33,497 - ERROR - Ошибка запуска службы: name 'config_path' is not defined
2025-09-29 00:57:33,498 - ERROR - Traceback (most recent call last):
  File "X:\works_project\screenshoter\main.py", line 46, in start
    self.scheduler = ScreenshotScheduler()
                     ^^^^^^^^^^^^^^^^^^^^^
  File "X:\works_project\screenshoter\task_scheduler.py", line 42, in __init__
    self.config_manager = ConfigManager(config_path)
                                        ^^^^^^^^^^^
NameError: name 'config_path' is not defined

2025-09-29 00:57:33,498 - ERROR - Не удалось запустить службу
2025-09-29 00:57:33,498 - INFO - Остановка ScreenshotService
2025-09-29 00:57:33,498 - INFO - ScreenshotService остановлен
2025-09-29 00:57:33,498 - INFO - === Служба завершена ===
2025-09-29 00:59:41,691 - INFO - Логирование настроено успешно
2025-09-29 00:59:41,691 - INFO - === Запуск Screenshot Service ===
2025-09-29 00:59:41,691 - INFO - Инициализация ScreenshotService...
2025-09-29 00:59:42,095 - ERROR - Ошибка запуска службы: name 'config_path' is not defined
2025-09-29 00:59:42,096 - ERROR - Traceback (most recent call last):
  File "X:\works_project\screenshoter\main.py", line 46, in start
    self.scheduler = ScreenshotScheduler()
                     ^^^^^^^^^^^^^^^^^^^^^
  File "X:\works_project\screenshoter\task_scheduler.py", line 42, in __init__
    self.config_manager = ConfigManager(config_path)
                                        ^^^^^^^^^^^
NameError: name 'config_path' is not defined

2025-09-29 00:59:42,096 - ERROR - Не удалось запустить службу
2025-09-29 00:59:42,096 - INFO - Остановка ScreenshotService
2025-09-29 00:59:42,096 - INFO - ScreenshotService остановлен
2025-09-29 00:59:42,096 - INFO - === Служба завершена ===
2025-09-29 01:01:50,385 - INFO - Логирование настроено успешно
2025-09-29 01:01:50,385 - INFO - === Запуск Screenshot Service ===
2025-09-29 01:01:50,387 - INFO - Инициализация ScreenshotService...
2025-09-29 01:01:50,851 - ERROR - Ошибка запуска службы: name 'config_path' is not defined
2025-09-29 01:01:50,853 - ERROR - Traceback (most recent call last):
  File "X:\works_project\screenshoter\main.py", line 46, in start
    self.scheduler = ScreenshotScheduler()
                     ^^^^^^^^^^^^^^^^^^^^^
  File "X:\works_project\screenshoter\task_scheduler.py", line 42, in __init__
    self.config_manager = ConfigManager(config_path)
                                        ^^^^^^^^^^^
NameError: name 'config_path' is not defined

2025-09-29 01:01:50,853 - ERROR - Не удалось запустить службу
2025-09-29 01:01:50,853 - INFO - Остановка ScreenshotService
2025-09-29 01:01:50,853 - INFO - ScreenshotService остановлен
2025-09-29 01:01:50,853 - INFO - === Служба завершена ===
2025-09-29 01:03:59,098 - INFO - Логирование настроено успешно
2025-09-29 01:03:59,099 - INFO - === Запуск Screenshot Service ===
2025-09-29 01:03:59,099 - INFO - Инициализация ScreenshotService...
2025-09-29 01:03:59,507 - ERROR - Ошибка запуска службы: name 'config_path' is not defined
2025-09-29 01:03:59,508 - ERROR - Traceback (most recent call last):
  File "X:\works_project\screenshoter\main.py", line 46, in start
    self.scheduler = ScreenshotScheduler()
                     ^^^^^^^^^^^^^^^^^^^^^
  File "X:\works_project\screenshoter\task_scheduler.py", line 42, in __init__
    self.config_manager = ConfigManager(config_path)
                                        ^^^^^^^^^^^
NameError: name 'config_path' is not defined

2025-09-29 01:03:59,509 - ERROR - Не удалось запустить службу
2025-09-29 01:03:59,509 - INFO - Остановка ScreenshotService
2025-09-29 01:03:59,509 - INFO - ScreenshotService остановлен
2025-09-29 01:03:59,509 - INFO - === Служба завершена ===
2025-09-29 01:06:07,709 - INFO - Логирование настроено успешно
2025-09-29 01:06:07,711 - INFO - === Запуск Screenshot Service ===
2025-09-29 01:06:07,711 - INFO - Инициализация ScreenshotService...
2025-09-29 01:06:08,117 - ERROR - Ошибка запуска службы: name 'config_path' is not defined
2025-09-29 01:06:08,118 - ERROR - Traceback (most recent call last):
  File "X:\works_project\screenshoter\main.py", line 46, in start
    self.scheduler = ScreenshotScheduler()
                     ^^^^^^^^^^^^^^^^^^^^^
  File "X:\works_project\screenshoter\task_scheduler.py", line 42, in __init__
    self.config_manager = ConfigManager(config_path)
                                        ^^^^^^^^^^^
NameError: name 'config_path' is not defined

2025-09-29 01:06:08,118 - ERROR - Не удалось запустить службу
2025-09-29 01:06:08,118 - INFO - Остановка ScreenshotService
2025-09-29 01:06:08,118 - INFO - ScreenshotService остановлен
2025-09-29 01:06:08,118 - INFO - === Служба завершена ===
2025-09-29 01:08:16,350 - INFO - Логирование настроено успешно
2025-09-29 01:08:16,351 - INFO - === Запуск Screenshot Service ===
2025-09-29 01:08:16,351 - INFO - Инициализация ScreenshotService...
2025-09-29 01:08:16,757 - ERROR - Ошибка запуска службы: name 'config_path' is not defined
2025-09-29 01:08:16,758 - ERROR - Traceback (most recent call last):
  File "X:\works_project\screenshoter\main.py", line 46, in start
    self.scheduler = ScreenshotScheduler()
                     ^^^^^^^^^^^^^^^^^^^^^
  File "X:\works_project\screenshoter\task_scheduler.py", line 42, in __init__
    self.config_manager = ConfigManager(config_path)
                                        ^^^^^^^^^^^
NameError: name 'config_path' is not defined

2025-09-29 01:08:16,758 - ERROR - Не удалось запустить службу
2025-09-29 01:08:16,758 - INFO - Остановка ScreenshotService
2025-09-29 01:08:16,758 - INFO - ScreenshotService остановлен
2025-09-29 01:08:16,758 - INFO - === Служба завершена ===
2025-09-29 01:10:24,982 - INFO - Логирование настроено успешно
2025-09-29 01:10:24,983 - INFO - === Запуск Screenshot Service ===
2025-09-29 01:10:24,983 - INFO - Инициализация ScreenshotService...
2025-09-29 01:10:25,376 - ERROR - Ошибка запуска службы: name 'config_path' is not defined
2025-09-29 01:10:25,378 - ERROR - Traceback (most recent call last):
  File "X:\works_project\screenshoter\main.py", line 46, in start
    self.scheduler = ScreenshotScheduler()
                     ^^^^^^^^^^^^^^^^^^^^^
  File "X:\works_project\screenshoter\task_scheduler.py", line 42, in __init__
    self.config_manager = ConfigManager(config_path)
                                        ^^^^^^^^^^^
NameError: name 'config_path' is not defined

2025-09-29 01:10:25,378 - ERROR - Не удалось запустить службу
2025-09-29 01:10:25,378 - INFO - Остановка ScreenshotService
2025-09-29 01:10:25,378 - INFO - ScreenshotService остановлен
2025-09-29 01:10:25,378 - INFO - === Служба завершена ===
2025-09-29 01:12:33,604 - INFO - Логирование настроено успешно
2025-09-29 01:12:33,604 - INFO - === Запуск Screenshot Service ===
2025-09-29 01:12:33,604 - INFO - Инициализация ScreenshotService...
2025-09-29 01:12:34,025 - ERROR - Ошибка запуска службы: name 'config_path' is not defined
2025-09-29 01:12:34,026 - ERROR - Traceback (most recent call last):
  File "X:\works_project\screenshoter\main.py", line 46, in start
    self.scheduler = ScreenshotScheduler()
                     ^^^^^^^^^^^^^^^^^^^^^
  File "X:\works_project\screenshoter\task_scheduler.py", line 42, in __init__
    self.config_manager = ConfigManager(config_path)
                                        ^^^^^^^^^^^
NameError: name 'config_path' is not defined

2025-09-29 01:12:34,026 - ERROR - Не удалось запустить службу
2025-09-29 01:12:34,026 - INFO - Остановка ScreenshotService
2025-09-29 01:12:34,026 - INFO - ScreenshotService остановлен
2025-09-29 01:12:34,027 - INFO - === Служба завершена ===
2025-09-29 01:14:42,243 - INFO - Логирование настроено успешно
2025-09-29 01:14:42,243 - INFO - === Запуск Screenshot Service ===
2025-09-29 01:14:42,243 - INFO - Инициализация ScreenshotService...
2025-09-29 01:14:42,641 - ERROR - Ошибка запуска службы: name 'config_path' is not defined
2025-09-29 01:14:42,642 - ERROR - Traceback (most recent call last):
  File "X:\works_project\screenshoter\main.py", line 46, in start
    self.scheduler = ScreenshotScheduler()
                     ^^^^^^^^^^^^^^^^^^^^^
  File "X:\works_project\screenshoter\task_scheduler.py", line 42, in __init__
    self.config_manager = ConfigManager(config_path)
                                        ^^^^^^^^^^^
NameError: name 'config_path' is not defined

2025-09-29 01:14:42,642 - ERROR - Не удалось запустить службу
2025-09-29 01:14:42,642 - INFO - Остановка ScreenshotService
2025-09-29 01:14:42,642 - INFO - ScreenshotService остановлен
2025-09-29 01:14:42,642 - INFO - === Служба завершена ===
2025-09-29 01:16:50,828 - INFO - Логирование настроено успешно
2025-09-29 01:16:50,828 - INFO - === Запуск Screenshot Service ===
2025-09-29 01:16:50,828 - INFO - Инициализация ScreenshotService...
2025-09-29 01:16:51,166 - ERROR - Ошибка запуска службы: name 'config_path' is not defined
2025-09-29 01:16:51,167 - ERROR - Traceback (most recent call last):
  File "X:\works_project\screenshoter\main.py", line 46, in start
    self.scheduler = ScreenshotScheduler()
                     ^^^^^^^^^^^^^^^^^^^^^
  File "X:\works_project\screenshoter\task_scheduler.py", line 42, in __init__
    self.config_manager = ConfigManager(config_path)
                                        ^^^^^^^^^^^
NameError: name 'config_path' is not defined

2025-09-29 01:16:51,167 - ERROR - Не удалось запустить службу
2025-09-29 01:16:51,167 - INFO - Остановка ScreenshotService
2025-09-29 01:16:51,167 - INFO - ScreenshotService остановлен
2025-09-29 01:16:51,167 - INFO - === Служба завершена ===
2025-09-29 01:18:59,365 - INFO - Логирование настроено успешно
2025-09-29 01:18:59,365 - INFO - === Запуск Screenshot Service ===
2025-09-29 01:18:59,365 - INFO - Инициализация ScreenshotService...
2025-09-29 01:18:59,770 - ERROR - Ошибка запуска службы: name 'config_path' is not defined
2025-09-29 01:18:59,772 - ERROR - Traceback (most recent call last):
  File "X:\works_project\screenshoter\main.py", line 46, in start
    self.scheduler = ScreenshotScheduler()
                     ^^^^^^^^^^^^^^^^^^^^^
  File "X:\works_project\screenshoter\task_scheduler.py", line 42, in __init__
    self.config_manager = ConfigManager(config_path)
                                        ^^^^^^^^^^^
NameError: name 'config_path' is not defined

2025-09-29 01:18:59,772 - ERROR - Не удалось запустить службу
2025-09-29 01:18:59,772 - INFO - Остановка ScreenshotService
2025-09-29 01:18:59,772 - INFO - ScreenshotService остановлен
2025-09-29 01:18:59,772 - INFO - === Служба завершена ===
2025-09-29 01:21:07,991 - INFO - Логирование настроено успешно
2025-09-29 01:21:07,992 - INFO - === Запуск Screenshot Service ===
2025-09-29 01:21:07,992 - INFO - Инициализация ScreenshotService...
2025-09-29 01:21:08,394 - ERROR - Ошибка запуска службы: name 'config_path' is not defined
2025-09-29 01:21:08,395 - ERROR - Traceback (most recent call last):
  File "X:\works_project\screenshoter\main.py", line 46, in start
    self.scheduler = ScreenshotScheduler()
                     ^^^^^^^^^^^^^^^^^^^^^
  File "X:\works_project\screenshoter\task_scheduler.py", line 42, in __init__
    self.config_manager = ConfigManager(config_path)
                                        ^^^^^^^^^^^
NameError: name 'config_path' is not defined

2025-09-29 01:21:08,395 - ERROR - Не удалось запустить службу
2025-09-29 01:21:08,395 - INFO - Остановка ScreenshotService
2025-09-29 01:21:08,396 - INFO - ScreenshotService остановлен
2025-09-29 01:21:08,396 - INFO - === Служба завершена ===
2025-09-29 01:23:16,606 - INFO - Логирование настроено успешно
2025-09-29 01:23:16,608 - INFO - === Запуск Screenshot Service ===
2025-09-29 01:23:16,608 - INFO - Инициализация ScreenshotService...
2025-09-29 01:23:16,994 - ERROR - Ошибка запуска службы: name 'config_path' is not defined
2025-09-29 01:23:16,996 - ERROR - Traceback (most recent call last):
  File "X:\works_project\screenshoter\main.py", line 46, in start
    self.scheduler = ScreenshotScheduler()
                     ^^^^^^^^^^^^^^^^^^^^^
  File "X:\works_project\screenshoter\task_scheduler.py", line 42, in __init__
    self.config_manager = ConfigManager(config_path)
                                        ^^^^^^^^^^^
NameError: name 'config_path' is not defined

2025-09-29 01:23:16,996 - ERROR - Не удалось запустить службу
2025-09-29 01:23:16,996 - INFO - Остановка ScreenshotService
2025-09-29 01:23:16,996 - INFO - ScreenshotService остановлен
2025-09-29 01:23:16,996 - INFO - === Служба завершена ===
2025-09-29 01:25:25,201 - INFO - Логирование настроено успешно
2025-09-29 01:25:25,201 - INFO - === Запуск Screenshot Service ===
2025-09-29 01:25:25,201 - INFO - Инициализация ScreenshotService...
2025-09-29 01:25:25,608 - ERROR - Ошибка запуска службы: name 'config_path' is not defined
2025-09-29 01:25:25,609 - ERROR - Traceback (most recent call last):
  File "X:\works_project\screenshoter\main.py", line 46, in start
    self.scheduler = ScreenshotScheduler()
                     ^^^^^^^^^^^^^^^^^^^^^
  File "X:\works_project\screenshoter\task_scheduler.py", line 42, in __init__
    self.config_manager = ConfigManager(config_path)
                                        ^^^^^^^^^^^
NameError: name 'config_path' is not defined

2025-09-29 01:25:25,609 - ERROR - Не удалось запустить службу
2025-09-29 01:25:25,609 - INFO - Остановка ScreenshotService
2025-09-29 01:25:25,609 - INFO - ScreenshotService остановлен
2025-09-29 01:25:25,609 - INFO - === Служба завершена ===
2025-09-29 01:27:33,818 - INFO - Логирование настроено успешно
2025-09-29 01:27:33,818 - INFO - === Запуск Screenshot Service ===
2025-09-29 01:27:33,818 - INFO - Инициализация ScreenshotService...
2025-09-29 01:27:34,222 - ERROR - Ошибка запуска службы: name 'config_path' is not defined
2025-09-29 01:27:34,223 - ERROR - Traceback (most recent call last):
  File "X:\works_project\screenshoter\main.py", line 46, in start
    self.scheduler = ScreenshotScheduler()
                     ^^^^^^^^^^^^^^^^^^^^^
  File "X:\works_project\screenshoter\task_scheduler.py", line 42, in __init__
    self.config_manager = ConfigManager(config_path)
                                        ^^^^^^^^^^^
NameError: name 'config_path' is not defined

2025-09-29 01:27:34,223 - ERROR - Не удалось запустить службу
2025-09-29 01:27:34,223 - INFO - Остановка ScreenshotService
2025-09-29 01:27:34,223 - INFO - ScreenshotService остановлен
2025-09-29 01:27:34,223 - INFO - === Служба завершена ===
2025-09-29 01:29:42,418 - INFO - Логирование настроено успешно
2025-09-29 01:29:42,419 - INFO - === Запуск Screenshot Service ===
2025-09-29 01:29:42,419 - INFO - Инициализация ScreenshotService...
2025-09-29 01:29:42,767 - ERROR - Ошибка запуска службы: name 'config_path' is not defined
2025-09-29 01:29:42,770 - ERROR - Traceback (most recent call last):
  File "X:\works_project\screenshoter\main.py", line 46, in start
    self.scheduler = ScreenshotScheduler()
                     ^^^^^^^^^^^^^^^^^^^^^
  File "X:\works_project\screenshoter\task_scheduler.py", line 42, in __init__
    self.config_manager = ConfigManager(config_path)
                                        ^^^^^^^^^^^
NameError: name 'config_path' is not defined

2025-09-29 01:29:42,770 - ERROR - Не удалось запустить службу
2025-09-29 01:29:42,770 - INFO - Остановка ScreenshotService
2025-09-29 01:29:42,770 - INFO - ScreenshotService остановлен
2025-09-29 01:29:42,770 - INFO - === Служба завершена ===
2025-09-29 01:31:50,965 - INFO - Логирование настроено успешно
2025-09-29 01:31:50,966 - INFO - === Запуск Screenshot Service ===
2025-09-29 01:31:50,966 - INFO - Инициализация ScreenshotService...
2025-09-29 01:31:51,359 - ERROR - Ошибка запуска службы: name 'config_path' is not defined
2025-09-29 01:31:51,360 - ERROR - Traceback (most recent call last):
  File "X:\works_project\screenshoter\main.py", line 46, in start
    self.scheduler = ScreenshotScheduler()
                     ^^^^^^^^^^^^^^^^^^^^^
  File "X:\works_project\screenshoter\task_scheduler.py", line 42, in __init__
    self.config_manager = ConfigManager(config_path)
                                        ^^^^^^^^^^^
NameError: name 'config_path' is not defined

2025-09-29 01:31:51,360 - ERROR - Не удалось запустить службу
2025-09-29 01:31:51,360 - INFO - Остановка ScreenshotService
2025-09-29 01:31:51,360 - INFO - ScreenshotService остановлен
2025-09-29 01:31:51,360 - INFO - === Служба завершена ===
2025-09-29 01:33:59,560 - INFO - Логирование настроено успешно
2025-09-29 01:33:59,561 - INFO - === Запуск Screenshot Service ===
2025-09-29 01:33:59,561 - INFO - Инициализация ScreenshotService...
2025-09-29 01:33:59,949 - ERROR - Ошибка запуска службы: name 'config_path' is not defined
2025-09-29 01:33:59,950 - ERROR - Traceback (most recent call last):
  File "X:\works_project\screenshoter\main.py", line 46, in start
    self.scheduler = ScreenshotScheduler()
                     ^^^^^^^^^^^^^^^^^^^^^
  File "X:\works_project\screenshoter\task_scheduler.py", line 42, in __init__
    self.config_manager = ConfigManager(config_path)
                                        ^^^^^^^^^^^
NameError: name 'config_path' is not defined

2025-09-29 01:33:59,950 - ERROR - Не удалось запустить службу
2025-09-29 01:33:59,950 - INFO - Остановка ScreenshotService
2025-09-29 01:33:59,950 - INFO - ScreenshotService остановлен
2025-09-29 01:33:59,951 - INFO - === Служба завершена ===
2025-09-29 01:36:08,154 - INFO - Логирование настроено успешно
2025-09-29 01:36:08,154 - INFO - === Запуск Screenshot Service ===
2025-09-29 01:36:08,155 - INFO - Инициализация ScreenshotService...
2025-09-29 01:36:08,535 - ERROR - Ошибка запуска службы: name 'config_path' is not defined
2025-09-29 01:36:08,537 - ERROR - Traceback (most recent call last):
  File "X:\works_project\screenshoter\main.py", line 46, in start
    self.scheduler = ScreenshotScheduler()
                     ^^^^^^^^^^^^^^^^^^^^^
  File "X:\works_project\screenshoter\task_scheduler.py", line 42, in __init__
    self.config_manager = ConfigManager(config_path)
                                        ^^^^^^^^^^^
NameError: name 'config_path' is not defined

2025-09-29 01:36:08,537 - ERROR - Не удалось запустить службу
2025-09-29 01:36:08,537 - INFO - Остановка ScreenshotService
2025-09-29 01:36:08,537 - INFO - ScreenshotService остановлен
2025-09-29 01:36:08,537 - INFO - === Служба завершена ===
2025-09-29 01:38:16,725 - INFO - Логирование настроено успешно
2025-09-29 01:38:16,725 - INFO - === Запуск Screenshot Service ===
2025-09-29 01:38:16,725 - INFO - Инициализация ScreenshotService...
2025-09-29 01:38:17,080 - ERROR - Ошибка запуска службы: name 'config_path' is not defined
2025-09-29 01:38:17,082 - ERROR - Traceback (most recent call last):
  File "X:\works_project\screenshoter\main.py", line 46, in start
    self.scheduler = ScreenshotScheduler()
                     ^^^^^^^^^^^^^^^^^^^^^
  File "X:\works_project\screenshoter\task_scheduler.py", line 42, in __init__
    self.config_manager = ConfigManager(config_path)
                                        ^^^^^^^^^^^
NameError: name 'config_path' is not defined

2025-09-29 01:38:17,082 - ERROR - Не удалось запустить службу
2025-09-29 01:38:17,082 - INFO - Остановка ScreenshotService
2025-09-29 01:38:17,082 - INFO - ScreenshotService остановлен
2025-09-29 01:38:17,082 - INFO - === Служба завершена ===
2025-09-29 01:40:25,279 - INFO - Логирование настроено успешно
2025-09-29 01:40:25,280 - INFO - === Запуск Screenshot Service ===
2025-09-29 01:40:25,280 - INFO - Инициализация ScreenshotService...
2025-09-29 01:40:25,758 - ERROR - Ошибка запуска службы: name 'config_path' is not defined
2025-09-29 01:40:25,759 - ERROR - Traceback (most recent call last):
  File "X:\works_project\screenshoter\main.py", line 46, in start
    self.scheduler = ScreenshotScheduler()
                     ^^^^^^^^^^^^^^^^^^^^^
  File "X:\works_project\screenshoter\task_scheduler.py", line 42, in __init__
    self.config_manager = ConfigManager(config_path)
                                        ^^^^^^^^^^^
NameError: name 'config_path' is not defined

2025-09-29 01:40:25,759 - ERROR - Не удалось запустить службу
2025-09-29 01:40:25,759 - INFO - Остановка ScreenshotService
2025-09-29 01:40:25,759 - INFO - ScreenshotService остановлен
2025-09-29 01:40:25,759 - INFO - === Служба завершена ===
2025-09-29 01:42:34,010 - INFO - Логирование настроено успешно
2025-09-29 01:42:34,010 - INFO - === Запуск Screenshot Service ===
2025-09-29 01:42:34,011 - INFO - Инициализация ScreenshotService...
2025-09-29 01:42:34,468 - ERROR - Ошибка запуска службы: name 'config_path' is not defined
2025-09-29 01:42:34,469 - ERROR - Traceback (most recent call last):
  File "X:\works_project\screenshoter\main.py", line 46, in start
    self.scheduler = ScreenshotScheduler()
                     ^^^^^^^^^^^^^^^^^^^^^
  File "X:\works_project\screenshoter\task_scheduler.py", line 42, in __init__
    self.config_manager = ConfigManager(config_path)
                                        ^^^^^^^^^^^
NameError: name 'config_path' is not defined

2025-09-29 01:42:34,469 - ERROR - Не удалось запустить службу
2025-09-29 01:42:34,469 - INFO - Остановка ScreenshotService
2025-09-29 01:42:34,469 - INFO - ScreenshotService остановлен
2025-09-29 01:42:34,469 - INFO - === Служба завершена ===
2025-09-29 01:44:42,695 - INFO - Логирование настроено успешно
2025-09-29 01:44:42,695 - INFO - === Запуск Screenshot Service ===
2025-09-29 01:44:42,695 - INFO - Инициализация ScreenshotService...
2025-09-29 01:44:43,082 - ERROR - Ошибка запуска службы: name 'config_path' is not defined
2025-09-29 01:44:43,084 - ERROR - Traceback (most recent call last):
  File "X:\works_project\screenshoter\main.py", line 46, in start
    self.scheduler = ScreenshotScheduler()
                     ^^^^^^^^^^^^^^^^^^^^^
  File "X:\works_project\screenshoter\task_scheduler.py", line 42, in __init__
    self.config_manager = ConfigManager(config_path)
                                        ^^^^^^^^^^^
NameError: name 'config_path' is not defined

2025-09-29 01:44:43,084 - ERROR - Не удалось запустить службу
2025-09-29 01:44:43,084 - INFO - Остановка ScreenshotService
2025-09-29 01:44:43,084 - INFO - ScreenshotService остановлен
2025-09-29 01:44:43,084 - INFO - === Служба завершена ===
2025-09-29 01:46:51,288 - INFO - Логирование настроено успешно
2025-09-29 01:46:51,288 - INFO - === Запуск Screenshot Service ===
2025-09-29 01:46:51,288 - INFO - Инициализация ScreenshotService...
2025-09-29 01:46:51,697 - ERROR - Ошибка запуска службы: name 'config_path' is not defined
2025-09-29 01:46:51,699 - ERROR - Traceback (most recent call last):
  File "X:\works_project\screenshoter\main.py", line 46, in start
    self.scheduler = ScreenshotScheduler()
                     ^^^^^^^^^^^^^^^^^^^^^
  File "X:\works_project\screenshoter\task_scheduler.py", line 42, in __init__
    self.config_manager = ConfigManager(config_path)
                                        ^^^^^^^^^^^
NameError: name 'config_path' is not defined

2025-09-29 01:46:51,699 - ERROR - Не удалось запустить службу
2025-09-29 01:46:51,699 - INFO - Остановка ScreenshotService
2025-09-29 01:46:51,699 - INFO - ScreenshotService остановлен
2025-09-29 01:46:51,699 - INFO - === Служба завершена ===
2025-09-29 01:48:59,938 - INFO - Логирование настроено успешно
2025-09-29 01:48:59,938 - INFO - === Запуск Screenshot Service ===
2025-09-29 01:48:59,938 - INFO - Инициализация ScreenshotService...
2025-09-29 01:49:00,402 - ERROR - Ошибка запуска службы: name 'config_path' is not defined
2025-09-29 01:49:00,403 - ERROR - Traceback (most recent call last):
  File "X:\works_project\screenshoter\main.py", line 46, in start
    self.scheduler = ScreenshotScheduler()
                     ^^^^^^^^^^^^^^^^^^^^^
  File "X:\works_project\screenshoter\task_scheduler.py", line 42, in __init__
    self.config_manager = ConfigManager(config_path)
                                        ^^^^^^^^^^^
NameError: name 'config_path' is not defined

2025-09-29 01:49:00,403 - ERROR - Не удалось запустить службу
2025-09-29 01:49:00,403 - INFO - Остановка ScreenshotService
2025-09-29 01:49:00,405 - INFO - ScreenshotService остановлен
2025-09-29 01:49:00,405 - INFO - === Служба завершена ===
2025-09-29 01:51:08,620 - INFO - Логирование настроено успешно
2025-09-29 01:51:08,621 - INFO - === Запуск Screenshot Service ===
2025-09-29 01:51:08,621 - INFO - Инициализация ScreenshotService...
2025-09-29 01:51:09,018 - ERROR - Ошибка запуска службы: name 'config_path' is not defined
2025-09-29 01:51:09,019 - ERROR - Traceback (most recent call last):
  File "X:\works_project\screenshoter\main.py", line 46, in start
    self.scheduler = ScreenshotScheduler()
                     ^^^^^^^^^^^^^^^^^^^^^
  File "X:\works_project\screenshoter\task_scheduler.py", line 42, in __init__
    self.config_manager = ConfigManager(config_path)
                                        ^^^^^^^^^^^
NameError: name 'config_path' is not defined

2025-09-29 01:51:09,019 - ERROR - Не удалось запустить службу
2025-09-29 01:51:09,019 - INFO - Остановка ScreenshotService
2025-09-29 01:51:09,019 - INFO - ScreenshotService остановлен
2025-09-29 01:51:09,019 - INFO - === Служба завершена ===
2025-09-29 01:53:17,255 - INFO - Логирование настроено успешно
2025-09-29 01:53:17,255 - INFO - === Запуск Screenshot Service ===
2025-09-29 01:53:17,255 - INFO - Инициализация ScreenshotService...
2025-09-29 01:53:17,650 - ERROR - Ошибка запуска службы: name 'config_path' is not defined
2025-09-29 01:53:17,651 - ERROR - Traceback (most recent call last):
  File "X:\works_project\screenshoter\main.py", line 46, in start
    self.scheduler = ScreenshotScheduler()
                     ^^^^^^^^^^^^^^^^^^^^^
  File "X:\works_project\screenshoter\task_scheduler.py", line 42, in __init__
    self.config_manager = ConfigManager(config_path)
                                        ^^^^^^^^^^^
NameError: name 'config_path' is not defined

2025-09-29 01:53:17,651 - ERROR - Не удалось запустить службу
2025-09-29 01:53:17,651 - INFO - Остановка ScreenshotService
2025-09-29 01:53:17,651 - INFO - ScreenshotService остановлен
2025-09-29 01:53:17,651 - INFO - === Служба завершена ===
2025-09-29 01:55:25,856 - INFO - Логирование настроено успешно
2025-09-29 01:55:25,856 - INFO - === Запуск Screenshot Service ===
2025-09-29 01:55:25,857 - INFO - Инициализация ScreenshotService...
2025-09-29 01:55:26,252 - ERROR - Ошибка запуска службы: name 'config_path' is not defined
2025-09-29 01:55:26,253 - ERROR - Traceback (most recent call last):
  File "X:\works_project\screenshoter\main.py", line 46, in start
    self.scheduler = ScreenshotScheduler()
                     ^^^^^^^^^^^^^^^^^^^^^
  File "X:\works_project\screenshoter\task_scheduler.py", line 42, in __init__
    self.config_manager = ConfigManager(config_path)
                                        ^^^^^^^^^^^
NameError: name 'config_path' is not defined

2025-09-29 01:55:26,253 - ERROR - Не удалось запустить службу
2025-09-29 01:55:26,253 - INFO - Остановка ScreenshotService
2025-09-29 01:55:26,253 - INFO - ScreenshotService остановлен
2025-09-29 01:55:26,253 - INFO - === Служба завершена ===
2025-09-29 01:57:34,453 - INFO - Логирование настроено успешно
2025-09-29 01:57:34,453 - INFO - === Запуск Screenshot Service ===
2025-09-29 01:57:34,453 - INFO - Инициализация ScreenshotService...
2025-09-29 01:57:34,871 - ERROR - Ошибка запуска службы: name 'config_path' is not defined
2025-09-29 01:57:34,872 - ERROR - Traceback (most recent call last):
  File "X:\works_project\screenshoter\main.py", line 46, in start
    self.scheduler = ScreenshotScheduler()
                     ^^^^^^^^^^^^^^^^^^^^^
  File "X:\works_project\screenshoter\task_scheduler.py", line 42, in __init__
    self.config_manager = ConfigManager(config_path)
                                        ^^^^^^^^^^^
NameError: name 'config_path' is not defined

2025-09-29 01:57:34,872 - ERROR - Не удалось запустить службу
2025-09-29 01:57:34,872 - INFO - Остановка ScreenshotService
2025-09-29 01:57:34,872 - INFO - ScreenshotService остановлен
2025-09-29 01:57:34,872 - INFO - === Служба завершена ===
2025-09-29 01:59:43,043 - INFO - Логирование настроено успешно
2025-09-29 01:59:43,043 - INFO - === Запуск Screenshot Service ===
2025-09-29 01:59:43,044 - INFO - Инициализация ScreenshotService...
2025-09-29 01:59:43,347 - ERROR - Ошибка запуска службы: name 'config_path' is not defined
2025-09-29 01:59:43,348 - ERROR - Traceback (most recent call last):
  File "X:\works_project\screenshoter\main.py", line 46, in start
    self.scheduler = ScreenshotScheduler()
                     ^^^^^^^^^^^^^^^^^^^^^
  File "X:\works_project\screenshoter\task_scheduler.py", line 42, in __init__
    self.config_manager = ConfigManager(config_path)
                                        ^^^^^^^^^^^
NameError: name 'config_path' is not defined

2025-09-29 01:59:43,348 - ERROR - Не удалось запустить службу
2025-09-29 01:59:43,348 - INFO - Остановка ScreenshotService
2025-09-29 01:59:43,348 - INFO - ScreenshotService остановлен
2025-09-29 01:59:43,348 - INFO - === Служба завершена ===
2025-09-29 02:01:51,472 - INFO - Логирование настроено успешно
2025-09-29 02:01:51,473 - INFO - === Запуск Screenshot Service ===
2025-09-29 02:01:51,473 - INFO - Инициализация ScreenshotService...
2025-09-29 02:01:51,745 - ERROR - Ошибка запуска службы: name 'config_path' is not defined
2025-09-29 02:01:51,746 - ERROR - Traceback (most recent call last):
  File "X:\works_project\screenshoter\main.py", line 46, in start
    self.scheduler = ScreenshotScheduler()
                     ^^^^^^^^^^^^^^^^^^^^^
  File "X:\works_project\screenshoter\task_scheduler.py", line 42, in __init__
    self.config_manager = ConfigManager(config_path)
                                        ^^^^^^^^^^^
NameError: name 'config_path' is not defined

2025-09-29 02:01:51,746 - ERROR - Не удалось запустить службу
2025-09-29 02:01:51,746 - INFO - Остановка ScreenshotService
2025-09-29 02:01:51,746 - INFO - ScreenshotService остановлен
2025-09-29 02:01:51,746 - INFO - === Служба завершена ===
2025-09-29 02:03:59,868 - INFO - Логирование настроено успешно
2025-09-29 02:03:59,868 - INFO - === Запуск Screenshot Service ===
2025-09-29 02:03:59,868 - INFO - Инициализация ScreenshotService...
2025-09-29 02:04:00,144 - ERROR - Ошибка запуска службы: name 'config_path' is not defined
2025-09-29 02:04:00,144 - ERROR - Traceback (most recent call last):
  File "X:\works_project\screenshoter\main.py", line 46, in start
    self.scheduler = ScreenshotScheduler()
                     ^^^^^^^^^^^^^^^^^^^^^
  File "X:\works_project\screenshoter\task_scheduler.py", line 42, in __init__
    self.config_manager = ConfigManager(config_path)
                                        ^^^^^^^^^^^
NameError: name 'config_path' is not defined

2025-09-29 02:04:00,144 - ERROR - Не удалось запустить службу
2025-09-29 02:04:00,144 - INFO - Остановка ScreenshotService
2025-09-29 02:04:00,144 - INFO - ScreenshotService остановлен
2025-09-29 02:04:00,146 - INFO - === Служба завершена ===
2025-09-29 02:06:08,266 - INFO - Логирование настроено успешно
2025-09-29 02:06:08,266 - INFO - === Запуск Screenshot Service ===
2025-09-29 02:06:08,266 - INFO - Инициализация ScreenshotService...
2025-09-29 02:06:08,535 - ERROR - Ошибка запуска службы: name 'config_path' is not defined
2025-09-29 02:06:08,536 - ERROR - Traceback (most recent call last):
  File "X:\works_project\screenshoter\main.py", line 46, in start
    self.scheduler = ScreenshotScheduler()
                     ^^^^^^^^^^^^^^^^^^^^^
  File "X:\works_project\screenshoter\task_scheduler.py", line 42, in __init__
    self.config_manager = ConfigManager(config_path)
                                        ^^^^^^^^^^^
NameError: name 'config_path' is not defined

2025-09-29 02:06:08,536 - ERROR - Не удалось запустить службу
2025-09-29 02:06:08,536 - INFO - Остановка ScreenshotService
2025-09-29 02:06:08,537 - INFO - ScreenshotService остановлен
2025-09-29 02:06:08,537 - INFO - === Служба завершена ===
2025-09-29 02:08:16,659 - INFO - Логирование настроено успешно
2025-09-29 02:08:16,659 - INFO - === Запуск Screenshot Service ===
2025-09-29 02:08:16,659 - INFO - Инициализация ScreenshotService...
2025-09-29 02:08:16,950 - ERROR - Ошибка запуска службы: name 'config_path' is not defined
2025-09-29 02:08:16,951 - ERROR - Traceback (most recent call last):
  File "X:\works_project\screenshoter\main.py", line 46, in start
    self.scheduler = ScreenshotScheduler()
                     ^^^^^^^^^^^^^^^^^^^^^
  File "X:\works_project\screenshoter\task_scheduler.py", line 42, in __init__
    self.config_manager = ConfigManager(config_path)
                                        ^^^^^^^^^^^
NameError: name 'config_path' is not defined

2025-09-29 02:08:16,952 - ERROR - Не удалось запустить службу
2025-09-29 02:08:16,952 - INFO - Остановка ScreenshotService
2025-09-29 02:08:16,952 - INFO - ScreenshotService остановлен
2025-09-29 02:08:16,952 - INFO - === Служба завершена ===
2025-09-29 02:10:25,134 - INFO - Логирование настроено успешно
2025-09-29 02:10:25,135 - INFO - === Запуск Screenshot Service ===
2025-09-29 02:10:25,135 - INFO - Инициализация ScreenshotService...
2025-09-29 02:10:25,611 - ERROR - Ошибка запуска службы: name 'config_path' is not defined
2025-09-29 02:10:25,620 - ERROR - Traceback (most recent call last):
  File "X:\works_project\screenshoter\main.py", line 46, in start
    self.scheduler = ScreenshotScheduler()
                     ^^^^^^^^^^^^^^^^^^^^^
  File "X:\works_project\screenshoter\task_scheduler.py", line 42, in __init__
    self.config_manager = ConfigManager(config_path)
                                        ^^^^^^^^^^^
NameError: name 'config_path' is not defined

2025-09-29 02:10:25,620 - ERROR - Не удалось запустить службу
2025-09-29 02:10:25,620 - INFO - Остановка ScreenshotService
2025-09-29 02:10:25,620 - INFO - ScreenshotService остановлен
2025-09-29 02:10:25,620 - INFO - === Служба завершена ===
2025-09-29 02:12:33,741 - INFO - Логирование настроено успешно
2025-09-29 02:12:33,742 - INFO - === Запуск Screenshot Service ===
2025-09-29 02:12:33,742 - INFO - Инициализация ScreenshotService...
2025-09-29 02:12:34,029 - ERROR - Ошибка запуска службы: name 'config_path' is not defined
2025-09-29 02:12:34,030 - ERROR - Traceback (most recent call last):
  File "X:\works_project\screenshoter\main.py", line 46, in start
    self.scheduler = ScreenshotScheduler()
                     ^^^^^^^^^^^^^^^^^^^^^
  File "X:\works_project\screenshoter\task_scheduler.py", line 42, in __init__
    self.config_manager = ConfigManager(config_path)
                                        ^^^^^^^^^^^
NameError: name 'config_path' is not defined

2025-09-29 02:12:34,030 - ERROR - Не удалось запустить службу
2025-09-29 02:12:34,030 - INFO - Остановка ScreenshotService
2025-09-29 02:12:34,030 - INFO - ScreenshotService остановлен
2025-09-29 02:12:34,030 - INFO - === Служба завершена ===
2025-09-29 02:14:42,151 - INFO - Логирование настроено успешно
2025-09-29 02:14:42,151 - INFO - === Запуск Screenshot Service ===
2025-09-29 02:14:42,151 - INFO - Инициализация ScreenshotService...
2025-09-29 02:14:42,464 - ERROR - Ошибка запуска службы: name 'config_path' is not defined
2025-09-29 02:14:42,465 - ERROR - Traceback (most recent call last):
  File "X:\works_project\screenshoter\main.py", line 46, in start
    self.scheduler = ScreenshotScheduler()
                     ^^^^^^^^^^^^^^^^^^^^^
  File "X:\works_project\screenshoter\task_scheduler.py", line 42, in __init__
    self.config_manager = ConfigManager(config_path)
                                        ^^^^^^^^^^^
NameError: name 'config_path' is not defined

2025-09-29 02:14:42,465 - ERROR - Не удалось запустить службу
2025-09-29 02:14:42,465 - INFO - Остановка ScreenshotService
2025-09-29 02:14:42,465 - INFO - ScreenshotService остановлен
2025-09-29 02:14:42,465 - INFO - === Служба завершена ===
2025-09-29 02:16:50,617 - INFO - Логирование настроено успешно
2025-09-29 02:16:50,618 - INFO - === Запуск Screenshot Service ===
2025-09-29 02:16:50,618 - INFO - Инициализация ScreenshotService...
2025-09-29 02:16:50,961 - ERROR - Ошибка запуска службы: name 'config_path' is not defined
2025-09-29 02:16:50,962 - ERROR - Traceback (most recent call last):
  File "X:\works_project\screenshoter\main.py", line 46, in start
    self.scheduler = ScreenshotScheduler()
                     ^^^^^^^^^^^^^^^^^^^^^
  File "X:\works_project\screenshoter\task_scheduler.py", line 42, in __init__
    self.config_manager = ConfigManager(config_path)
                                        ^^^^^^^^^^^
NameError: name 'config_path' is not defined

2025-09-29 02:16:50,962 - ERROR - Не удалось запустить службу
2025-09-29 02:16:50,962 - INFO - Остановка ScreenshotService
2025-09-29 02:16:50,963 - INFO - ScreenshotService остановлен
2025-09-29 02:16:50,963 - INFO - === Служба завершена ===
2025-09-29 02:18:59,121 - INFO - Логирование настроено успешно
2025-09-29 02:18:59,122 - INFO - === Запуск Screenshot Service ===
2025-09-29 02:18:59,122 - INFO - Инициализация ScreenshotService...
2025-09-29 02:18:59,461 - ERROR - Ошибка запуска службы: name 'config_path' is not defined
2025-09-29 02:18:59,462 - ERROR - Traceback (most recent call last):
  File "X:\works_project\screenshoter\main.py", line 46, in start
    self.scheduler = ScreenshotScheduler()
                     ^^^^^^^^^^^^^^^^^^^^^
  File "X:\works_project\screenshoter\task_scheduler.py", line 42, in __init__
    self.config_manager = ConfigManager(config_path)
                                        ^^^^^^^^^^^
NameError: name 'config_path' is not defined

2025-09-29 02:18:59,462 - ERROR - Не удалось запустить службу
2025-09-29 02:18:59,462 - INFO - Остановка ScreenshotService
2025-09-29 02:18:59,462 - INFO - ScreenshotService остановлен
2025-09-29 02:18:59,462 - INFO - === Служба завершена ===
2025-09-29 02:21:07,617 - INFO - Логирование настроено успешно
2025-09-29 02:21:07,617 - INFO - === Запуск Screenshot Service ===
2025-09-29 02:21:07,617 - INFO - Инициализация ScreenshotService...
2025-09-29 02:21:07,961 - ERROR - Ошибка запуска службы: name 'config_path' is not defined
2025-09-29 02:21:07,962 - ERROR - Traceback (most recent call last):
  File "X:\works_project\screenshoter\main.py", line 46, in start
    self.scheduler = ScreenshotScheduler()
                     ^^^^^^^^^^^^^^^^^^^^^
  File "X:\works_project\screenshoter\task_scheduler.py", line 42, in __init__
    self.config_manager = ConfigManager(config_path)
                                        ^^^^^^^^^^^
NameError: name 'config_path' is not defined

2025-09-29 02:21:07,962 - ERROR - Не удалось запустить службу
2025-09-29 02:21:07,962 - INFO - Остановка ScreenshotService
2025-09-29 02:21:07,962 - INFO - ScreenshotService остановлен
2025-09-29 02:21:07,962 - INFO - === Служба завершена ===
2025-09-29 02:23:16,121 - INFO - Логирование настроено успешно
2025-09-29 02:23:16,122 - INFO - === Запуск Screenshot Service ===
2025-09-29 02:23:16,122 - INFO - Инициализация ScreenshotService...
2025-09-29 02:23:16,467 - ERROR - Ошибка запуска службы: name 'config_path' is not defined
2025-09-29 02:23:16,469 - ERROR - Traceback (most recent call last):
  File "X:\works_project\screenshoter\main.py", line 46, in start
    self.scheduler = ScreenshotScheduler()
                     ^^^^^^^^^^^^^^^^^^^^^
  File "X:\works_project\screenshoter\task_scheduler.py", line 42, in __init__
    self.config_manager = ConfigManager(config_path)
                                        ^^^^^^^^^^^
NameError: name 'config_path' is not defined

2025-09-29 02:23:16,469 - ERROR - Не удалось запустить службу
2025-09-29 02:23:16,469 - INFO - Остановка ScreenshotService
2025-09-29 02:23:16,469 - INFO - ScreenshotService остановлен
2025-09-29 02:23:16,469 - INFO - === Служба завершена ===
2025-09-29 02:25:24,625 - INFO - Логирование настроено успешно
2025-09-29 02:25:24,625 - INFO - === Запуск Screenshot Service ===
2025-09-29 02:25:24,625 - INFO - Инициализация ScreenshotService...
2025-09-29 02:25:24,981 - ERROR - Ошибка запуска службы: name 'config_path' is not defined
2025-09-29 02:25:24,982 - ERROR - Traceback (most recent call last):
  File "X:\works_project\screenshoter\main.py", line 46, in start
    self.scheduler = ScreenshotScheduler()
                     ^^^^^^^^^^^^^^^^^^^^^
  File "X:\works_project\screenshoter\task_scheduler.py", line 42, in __init__
    self.config_manager = ConfigManager(config_path)
                                        ^^^^^^^^^^^
NameError: name 'config_path' is not defined

2025-09-29 02:25:24,983 - ERROR - Не удалось запустить службу
2025-09-29 02:25:24,983 - INFO - Остановка ScreenshotService
2025-09-29 02:25:24,983 - INFO - ScreenshotService остановлен
2025-09-29 02:25:24,983 - INFO - === Служба завершена ===
2025-09-29 02:27:33,142 - INFO - Логирование настроено успешно
2025-09-29 02:27:33,142 - INFO - === Запуск Screenshot Service ===
2025-09-29 02:27:33,142 - INFO - Инициализация ScreenshotService...
2025-09-29 02:27:33,500 - ERROR - Ошибка запуска службы: name 'config_path' is not defined
2025-09-29 02:27:33,500 - ERROR - Traceback (most recent call last):
  File "X:\works_project\screenshoter\main.py", line 46, in start
    self.scheduler = ScreenshotScheduler()
                     ^^^^^^^^^^^^^^^^^^^^^
  File "X:\works_project\screenshoter\task_scheduler.py", line 42, in __init__
    self.config_manager = ConfigManager(config_path)
                                        ^^^^^^^^^^^
NameError: name 'config_path' is not defined

2025-09-29 02:27:33,502 - ERROR - Не удалось запустить службу
2025-09-29 02:27:33,502 - INFO - Остановка ScreenshotService
2025-09-29 02:27:33,502 - INFO - ScreenshotService остановлен
2025-09-29 02:27:33,502 - INFO - === Служба завершена ===
2025-09-29 02:29:41,654 - INFO - Логирование настроено успешно
2025-09-29 02:29:41,654 - INFO - === Запуск Screenshot Service ===
2025-09-29 02:29:41,654 - INFO - Инициализация ScreenshotService...
2025-09-29 02:29:42,039 - ERROR - Ошибка запуска службы: name 'config_path' is not defined
2025-09-29 02:29:42,039 - ERROR - Traceback (most recent call last):
  File "X:\works_project\screenshoter\main.py", line 46, in start
    self.scheduler = ScreenshotScheduler()
                     ^^^^^^^^^^^^^^^^^^^^^
  File "X:\works_project\screenshoter\task_scheduler.py", line 42, in __init__
    self.config_manager = ConfigManager(config_path)
                                        ^^^^^^^^^^^
NameError: name 'config_path' is not defined

2025-09-29 02:29:42,039 - ERROR - Не удалось запустить службу
2025-09-29 02:29:42,039 - INFO - Остановка ScreenshotService
2025-09-29 02:29:42,039 - INFO - ScreenshotService остановлен
2025-09-29 02:29:42,040 - INFO - === Служба завершена ===
2025-09-29 02:31:50,211 - INFO - Логирование настроено успешно
2025-09-29 02:31:50,211 - INFO - === Запуск Screenshot Service ===
2025-09-29 02:31:50,211 - INFO - Инициализация ScreenshotService...
2025-09-29 02:31:50,586 - ERROR - Ошибка запуска службы: name 'config_path' is not defined
2025-09-29 02:31:50,588 - ERROR - Traceback (most recent call last):
  File "X:\works_project\screenshoter\main.py", line 46, in start
    self.scheduler = ScreenshotScheduler()
                     ^^^^^^^^^^^^^^^^^^^^^
  File "X:\works_project\screenshoter\task_scheduler.py", line 42, in __init__
    self.config_manager = ConfigManager(config_path)
                                        ^^^^^^^^^^^
NameError: name 'config_path' is not defined

2025-09-29 02:31:50,588 - ERROR - Не удалось запустить службу
2025-09-29 02:31:50,588 - INFO - Остановка ScreenshotService
2025-09-29 02:31:50,588 - INFO - ScreenshotService остановлен
2025-09-29 02:31:50,588 - INFO - === Служба завершена ===
2025-09-29 02:33:58,748 - INFO - Логирование настроено успешно
2025-09-29 02:33:58,749 - INFO - === Запуск Screenshot Service ===
2025-09-29 02:33:58,749 - INFO - Инициализация ScreenshotService...
2025-09-29 02:33:59,098 - ERROR - Ошибка запуска службы: name 'config_path' is not defined
2025-09-29 02:33:59,099 - ERROR - Traceback (most recent call last):
  File "X:\works_project\screenshoter\main.py", line 46, in start
    self.scheduler = ScreenshotScheduler()
                     ^^^^^^^^^^^^^^^^^^^^^
  File "X:\works_project\screenshoter\task_scheduler.py", line 42, in __init__
    self.config_manager = ConfigManager(config_path)
                                        ^^^^^^^^^^^
NameError: name 'config_path' is not defined

2025-09-29 02:33:59,099 - ERROR - Не удалось запустить службу
2025-09-29 02:33:59,099 - INFO - Остановка ScreenshotService
2025-09-29 02:33:59,099 - INFO - ScreenshotService остановлен
2025-09-29 02:33:59,100 - INFO - === Служба завершена ===
2025-09-29 02:36:07,269 - INFO - Логирование настроено успешно
2025-09-29 02:36:07,269 - INFO - === Запуск Screenshot Service ===
2025-09-29 02:36:07,269 - INFO - Инициализация ScreenshotService...
2025-09-29 02:36:07,640 - ERROR - Ошибка запуска службы: name 'config_path' is not defined
2025-09-29 02:36:07,641 - ERROR - Traceback (most recent call last):
  File "X:\works_project\screenshoter\main.py", line 46, in start
    self.scheduler = ScreenshotScheduler()
                     ^^^^^^^^^^^^^^^^^^^^^
  File "X:\works_project\screenshoter\task_scheduler.py", line 42, in __init__
    self.config_manager = ConfigManager(config_path)
                                        ^^^^^^^^^^^
NameError: name 'config_path' is not defined

2025-09-29 02:36:07,641 - ERROR - Не удалось запустить службу
2025-09-29 02:36:07,642 - INFO - Остановка ScreenshotService
2025-09-29 02:36:07,642 - INFO - ScreenshotService остановлен
2025-09-29 02:36:07,642 - INFO - === Служба завершена ===
2025-09-29 02:38:15,812 - INFO - Логирование настроено успешно
2025-09-29 02:38:15,813 - INFO - === Запуск Screenshot Service ===
2025-09-29 02:38:15,813 - INFO - Инициализация ScreenshotService...
2025-09-29 02:38:16,194 - ERROR - Ошибка запуска службы: name 'config_path' is not defined
2025-09-29 02:38:16,194 - ERROR - Traceback (most recent call last):
  File "X:\works_project\screenshoter\main.py", line 46, in start
    self.scheduler = ScreenshotScheduler()
                     ^^^^^^^^^^^^^^^^^^^^^
  File "X:\works_project\screenshoter\task_scheduler.py", line 42, in __init__
    self.config_manager = ConfigManager(config_path)
                                        ^^^^^^^^^^^
NameError: name 'config_path' is not defined

2025-09-29 02:38:16,195 - ERROR - Не удалось запустить службу
2025-09-29 02:38:16,195 - INFO - Остановка ScreenshotService
2025-09-29 02:38:16,195 - INFO - ScreenshotService остановлен
2025-09-29 02:38:16,195 - INFO - === Служба завершена ===
2025-09-29 02:40:24,363 - INFO - Логирование настроено успешно
2025-09-29 02:40:24,364 - INFO - === Запуск Screenshot Service ===
2025-09-29 02:40:24,364 - INFO - Инициализация ScreenshotService...
2025-09-29 02:40:24,737 - ERROR - Ошибка запуска службы: name 'config_path' is not defined
2025-09-29 02:40:24,738 - ERROR - Traceback (most recent call last):
  File "X:\works_project\screenshoter\main.py", line 46, in start
    self.scheduler = ScreenshotScheduler()
                     ^^^^^^^^^^^^^^^^^^^^^
  File "X:\works_project\screenshoter\task_scheduler.py", line 42, in __init__
    self.config_manager = ConfigManager(config_path)
                                        ^^^^^^^^^^^
NameError: name 'config_path' is not defined

2025-09-29 02:40:24,738 - ERROR - Не удалось запустить службу
2025-09-29 02:40:24,738 - INFO - Остановка ScreenshotService
2025-09-29 02:40:24,738 - INFO - ScreenshotService остановлен
2025-09-29 02:40:24,738 - INFO - === Служба завершена ===
2025-09-29 02:42:32,903 - INFO - Логирование настроено успешно
2025-09-29 02:42:32,903 - INFO - === Запуск Screenshot Service ===
2025-09-29 02:42:32,903 - INFO - Инициализация ScreenshotService...
2025-09-29 02:42:33,281 - ERROR - Ошибка запуска службы: name 'config_path' is not defined
2025-09-29 02:42:33,282 - ERROR - Traceback (most recent call last):
  File "X:\works_project\screenshoter\main.py", line 46, in start
    self.scheduler = ScreenshotScheduler()
                     ^^^^^^^^^^^^^^^^^^^^^
  File "X:\works_project\screenshoter\task_scheduler.py", line 42, in __init__
    self.config_manager = ConfigManager(config_path)
                                        ^^^^^^^^^^^
NameError: name 'config_path' is not defined

2025-09-29 02:42:33,282 - ERROR - Не удалось запустить службу
2025-09-29 02:42:33,282 - INFO - Остановка ScreenshotService
2025-09-29 02:42:33,282 - INFO - ScreenshotService остановлен
2025-09-29 02:42:33,282 - INFO - === Служба завершена ===
2025-09-29 02:44:41,447 - INFO - Логирование настроено успешно
2025-09-29 02:44:41,447 - INFO - === Запуск Screenshot Service ===
2025-09-29 02:44:41,447 - INFO - Инициализация ScreenshotService...
2025-09-29 02:44:41,824 - ERROR - Ошибка запуска службы: name 'config_path' is not defined
2025-09-29 02:44:41,826 - ERROR - Traceback (most recent call last):
  File "X:\works_project\screenshoter\main.py", line 46, in start
    self.scheduler = ScreenshotScheduler()
                     ^^^^^^^^^^^^^^^^^^^^^
  File "X:\works_project\screenshoter\task_scheduler.py", line 42, in __init__
    self.config_manager = ConfigManager(config_path)
                                        ^^^^^^^^^^^
NameError: name 'config_path' is not defined

2025-09-29 02:44:41,826 - ERROR - Не удалось запустить службу
2025-09-29 02:44:41,826 - INFO - Остановка ScreenshotService
2025-09-29 02:44:41,826 - INFO - ScreenshotService остановлен
2025-09-29 02:44:41,826 - INFO - === Служба завершена ===
2025-09-29 02:46:50,001 - INFO - Логирование настроено успешно
2025-09-29 02:46:50,001 - INFO - === Запуск Screenshot Service ===
2025-09-29 02:46:50,002 - INFO - Инициализация ScreenshotService...
2025-09-29 02:46:50,373 - ERROR - Ошибка запуска службы: name 'config_path' is not defined
2025-09-29 02:46:50,374 - ERROR - Traceback (most recent call last):
  File "X:\works_project\screenshoter\main.py", line 46, in start
    self.scheduler = ScreenshotScheduler()
                     ^^^^^^^^^^^^^^^^^^^^^
  File "X:\works_project\screenshoter\task_scheduler.py", line 42, in __init__
    self.config_manager = ConfigManager(config_path)
                                        ^^^^^^^^^^^
NameError: name 'config_path' is not defined

2025-09-29 02:46:50,374 - ERROR - Не удалось запустить службу
2025-09-29 02:46:50,374 - INFO - Остановка ScreenshotService
2025-09-29 02:46:50,374 - INFO - ScreenshotService остановлен
2025-09-29 02:46:50,374 - INFO - === Служба завершена ===
2025-09-29 02:48:58,549 - INFO - Логирование настроено успешно
2025-09-29 02:48:58,549 - INFO - === Запуск Screenshot Service ===
2025-09-29 02:48:58,549 - INFO - Инициализация ScreenshotService...
2025-09-29 02:48:58,928 - ERROR - Ошибка запуска службы: name 'config_path' is not defined
2025-09-29 02:48:58,929 - ERROR - Traceback (most recent call last):
  File "X:\works_project\screenshoter\main.py", line 46, in start
    self.scheduler = ScreenshotScheduler()
                     ^^^^^^^^^^^^^^^^^^^^^
  File "X:\works_project\screenshoter\task_scheduler.py", line 42, in __init__
    self.config_manager = ConfigManager(config_path)
                                        ^^^^^^^^^^^
NameError: name 'config_path' is not defined

2025-09-29 02:48:58,929 - ERROR - Не удалось запустить службу
2025-09-29 02:48:58,929 - INFO - Остановка ScreenshotService
2025-09-29 02:48:58,929 - INFO - ScreenshotService остановлен
2025-09-29 02:48:58,929 - INFO - === Служба завершена ===
2025-09-29 02:51:07,101 - INFO - Логирование настроено успешно
2025-09-29 02:51:07,101 - INFO - === Запуск Screenshot Service ===
2025-09-29 02:51:07,102 - INFO - Инициализация ScreenshotService...
2025-09-29 02:51:07,491 - ERROR - Ошибка запуска службы: name 'config_path' is not defined
2025-09-29 02:51:07,492 - ERROR - Traceback (most recent call last):
  File "X:\works_project\screenshoter\main.py", line 46, in start
    self.scheduler = ScreenshotScheduler()
                     ^^^^^^^^^^^^^^^^^^^^^
  File "X:\works_project\screenshoter\task_scheduler.py", line 42, in __init__
    self.config_manager = ConfigManager(config_path)
                                        ^^^^^^^^^^^
NameError: name 'config_path' is not defined

2025-09-29 02:51:07,492 - ERROR - Не удалось запустить службу
2025-09-29 02:51:07,492 - INFO - Остановка ScreenshotService
2025-09-29 02:51:07,492 - INFO - ScreenshotService остановлен
2025-09-29 02:51:07,492 - INFO - === Служба завершена ===
2025-09-29 02:53:15,663 - INFO - Логирование настроено успешно
2025-09-29 02:53:15,663 - INFO - === Запуск Screenshot Service ===
2025-09-29 02:53:15,663 - INFO - Инициализация ScreenshotService...
2025-09-29 02:53:16,046 - ERROR - Ошибка запуска службы: name 'config_path' is not defined
2025-09-29 02:53:16,046 - ERROR - Traceback (most recent call last):
  File "X:\works_project\screenshoter\main.py", line 46, in start
    self.scheduler = ScreenshotScheduler()
                     ^^^^^^^^^^^^^^^^^^^^^
  File "X:\works_project\screenshoter\task_scheduler.py", line 42, in __init__
    self.config_manager = ConfigManager(config_path)
                                        ^^^^^^^^^^^
NameError: name 'config_path' is not defined

2025-09-29 02:53:16,046 - ERROR - Не удалось запустить службу
2025-09-29 02:53:16,047 - INFO - Остановка ScreenshotService
2025-09-29 02:53:16,047 - INFO - ScreenshotService остановлен
2025-09-29 02:53:16,047 - INFO - === Служба завершена ===
2025-09-29 02:55:24,210 - INFO - Логирование настроено успешно
2025-09-29 02:55:24,211 - INFO - === Запуск Screenshot Service ===
2025-09-29 02:55:24,211 - INFO - Инициализация ScreenshotService...
2025-09-29 02:55:24,569 - ERROR - Ошибка запуска службы: name 'config_path' is not defined
2025-09-29 02:55:24,570 - ERROR - Traceback (most recent call last):
  File "X:\works_project\screenshoter\main.py", line 46, in start
    self.scheduler = ScreenshotScheduler()
                     ^^^^^^^^^^^^^^^^^^^^^
  File "X:\works_project\screenshoter\task_scheduler.py", line 42, in __init__
    self.config_manager = ConfigManager(config_path)
                                        ^^^^^^^^^^^
NameError: name 'config_path' is not defined

2025-09-29 02:55:24,570 - ERROR - Не удалось запустить службу
2025-09-29 02:55:24,570 - INFO - Остановка ScreenshotService
2025-09-29 02:55:24,570 - INFO - ScreenshotService остановлен
2025-09-29 02:55:24,570 - INFO - === Служба завершена ===
2025-09-29 02:57:32,739 - INFO - Логирование настроено успешно
2025-09-29 02:57:32,740 - INFO - === Запуск Screenshot Service ===
2025-09-29 02:57:32,740 - INFO - Инициализация ScreenshotService...
2025-09-29 02:57:33,117 - ERROR - Ошибка запуска службы: name 'config_path' is not defined
2025-09-29 02:57:33,118 - ERROR - Traceback (most recent call last):
  File "X:\works_project\screenshoter\main.py", line 46, in start
    self.scheduler = ScreenshotScheduler()
                     ^^^^^^^^^^^^^^^^^^^^^
  File "X:\works_project\screenshoter\task_scheduler.py", line 42, in __init__
    self.config_manager = ConfigManager(config_path)
                                        ^^^^^^^^^^^
NameError: name 'config_path' is not defined

2025-09-29 02:57:33,119 - ERROR - Не удалось запустить службу
2025-09-29 02:57:33,119 - INFO - Остановка ScreenshotService
2025-09-29 02:57:33,119 - INFO - ScreenshotService остановлен
2025-09-29 02:57:33,119 - INFO - === Служба завершена ===
2025-09-29 02:59:41,293 - INFO - Логирование настроено успешно
2025-09-29 02:59:41,294 - INFO - === Запуск Screenshot Service ===
2025-09-29 02:59:41,294 - INFO - Инициализация ScreenshotService...
2025-09-29 02:59:41,680 - ERROR - Ошибка запуска службы: name 'config_path' is not defined
2025-09-29 02:59:41,682 - ERROR - Traceback (most recent call last):
  File "X:\works_project\screenshoter\main.py", line 46, in start
    self.scheduler = ScreenshotScheduler()
                     ^^^^^^^^^^^^^^^^^^^^^
  File "X:\works_project\screenshoter\task_scheduler.py", line 42, in __init__
    self.config_manager = ConfigManager(config_path)
                                        ^^^^^^^^^^^
NameError: name 'config_path' is not defined

2025-09-29 02:59:41,682 - ERROR - Не удалось запустить службу
2025-09-29 02:59:41,682 - INFO - Остановка ScreenshotService
2025-09-29 02:59:41,682 - INFO - ScreenshotService остановлен
2025-09-29 02:59:41,682 - INFO - === Служба завершена ===
2025-09-29 03:01:49,849 - INFO - Логирование настроено успешно
2025-09-29 03:01:49,849 - INFO - === Запуск Screenshot Service ===
2025-09-29 03:01:49,849 - INFO - Инициализация ScreenshotService...
2025-09-29 03:01:50,210 - ERROR - Ошибка запуска службы: name 'config_path' is not defined
2025-09-29 03:01:50,211 - ERROR - Traceback (most recent call last):
  File "X:\works_project\screenshoter\main.py", line 46, in start
    self.scheduler = ScreenshotScheduler()
                     ^^^^^^^^^^^^^^^^^^^^^
  File "X:\works_project\screenshoter\task_scheduler.py", line 42, in __init__
    self.config_manager = ConfigManager(config_path)
                                        ^^^^^^^^^^^
NameError: name 'config_path' is not defined

2025-09-29 03:01:50,211 - ERROR - Не удалось запустить службу
2025-09-29 03:01:50,211 - INFO - Остановка ScreenshotService
2025-09-29 03:01:50,211 - INFO - ScreenshotService остановлен
2025-09-29 03:01:50,211 - INFO - === Служба завершена ===
2025-09-29 03:03:58,375 - INFO - Логирование настроено успешно
2025-09-29 03:03:58,375 - INFO - === Запуск Screenshot Service ===
2025-09-29 03:03:58,376 - INFO - Инициализация ScreenshotService...
2025-09-29 03:03:58,796 - ERROR - Ошибка запуска службы: name 'config_path' is not defined
2025-09-29 03:03:58,797 - ERROR - Traceback (most recent call last):
  File "X:\works_project\screenshoter\main.py", line 46, in start
    self.scheduler = ScreenshotScheduler()
                     ^^^^^^^^^^^^^^^^^^^^^
  File "X:\works_project\screenshoter\task_scheduler.py", line 42, in __init__
    self.config_manager = ConfigManager(config_path)
                                        ^^^^^^^^^^^
NameError: name 'config_path' is not defined

2025-09-29 03:03:58,797 - ERROR - Не удалось запустить службу
2025-09-29 03:03:58,797 - INFO - Остановка ScreenshotService
2025-09-29 03:03:58,797 - INFO - ScreenshotService остановлен
2025-09-29 03:03:58,797 - INFO - === Служба завершена ===
2025-09-29 03:06:06,980 - INFO - Логирование настроено успешно
2025-09-29 03:06:06,980 - INFO - === Запуск Screenshot Service ===
2025-09-29 03:06:06,980 - INFO - Инициализация ScreenshotService...
2025-09-29 03:06:07,369 - ERROR - Ошибка запуска службы: name 'config_path' is not defined
2025-09-29 03:06:07,370 - ERROR - Traceback (most recent call last):
  File "X:\works_project\screenshoter\main.py", line 46, in start
    self.scheduler = ScreenshotScheduler()
                     ^^^^^^^^^^^^^^^^^^^^^
  File "X:\works_project\screenshoter\task_scheduler.py", line 42, in __init__
    self.config_manager = ConfigManager(config_path)
                                        ^^^^^^^^^^^
NameError: name 'config_path' is not defined

2025-09-29 03:06:07,370 - ERROR - Не удалось запустить службу
2025-09-29 03:06:07,370 - INFO - Остановка ScreenshotService
2025-09-29 03:06:07,370 - INFO - ScreenshotService остановлен
2025-09-29 03:06:07,370 - INFO - === Служба завершена ===
2025-09-29 03:08:15,553 - INFO - Логирование настроено успешно
2025-09-29 03:08:15,553 - INFO - === Запуск Screenshot Service ===
2025-09-29 03:08:15,553 - INFO - Инициализация ScreenshotService...
2025-09-29 03:08:15,934 - ERROR - Ошибка запуска службы: name 'config_path' is not defined
2025-09-29 03:08:15,935 - ERROR - Traceback (most recent call last):
  File "X:\works_project\screenshoter\main.py", line 46, in start
    self.scheduler = ScreenshotScheduler()
                     ^^^^^^^^^^^^^^^^^^^^^
  File "X:\works_project\screenshoter\task_scheduler.py", line 42, in __init__
    self.config_manager = ConfigManager(config_path)
                                        ^^^^^^^^^^^
NameError: name 'config_path' is not defined

2025-09-29 03:08:15,935 - ERROR - Не удалось запустить службу
2025-09-29 03:08:15,935 - INFO - Остановка ScreenshotService
2025-09-29 03:08:15,935 - INFO - ScreenshotService остановлен
2025-09-29 03:08:15,935 - INFO - === Служба завершена ===
2025-09-29 03:10:24,106 - INFO - Логирование настроено успешно
2025-09-29 03:10:24,106 - INFO - === Запуск Screenshot Service ===
2025-09-29 03:10:24,106 - INFO - Инициализация ScreenshotService...
2025-09-29 03:10:24,506 - ERROR - Ошибка запуска службы: name 'config_path' is not defined
2025-09-29 03:10:24,507 - ERROR - Traceback (most recent call last):
  File "X:\works_project\screenshoter\main.py", line 46, in start
    self.scheduler = ScreenshotScheduler()
                     ^^^^^^^^^^^^^^^^^^^^^
  File "X:\works_project\screenshoter\task_scheduler.py", line 42, in __init__
    self.config_manager = ConfigManager(config_path)
                                        ^^^^^^^^^^^
NameError: name 'config_path' is not defined

2025-09-29 03:10:24,507 - ERROR - Не удалось запустить службу
2025-09-29 03:10:24,507 - INFO - Остановка ScreenshotService
2025-09-29 03:10:24,507 - INFO - ScreenshotService остановлен
2025-09-29 03:10:24,507 - INFO - === Служба завершена ===
2025-09-29 03:12:32,683 - INFO - Логирование настроено успешно
2025-09-29 03:12:32,683 - INFO - === Запуск Screenshot Service ===
2025-09-29 03:12:32,684 - INFO - Инициализация ScreenshotService...
2025-09-29 03:12:33,053 - ERROR - Ошибка запуска службы: name 'config_path' is not defined
2025-09-29 03:12:33,053 - ERROR - Traceback (most recent call last):
  File "X:\works_project\screenshoter\main.py", line 46, in start
    self.scheduler = ScreenshotScheduler()
                     ^^^^^^^^^^^^^^^^^^^^^
  File "X:\works_project\screenshoter\task_scheduler.py", line 42, in __init__
    self.config_manager = ConfigManager(config_path)
                                        ^^^^^^^^^^^
NameError: name 'config_path' is not defined

2025-09-29 03:12:33,053 - ERROR - Не удалось запустить службу
2025-09-29 03:12:33,055 - INFO - Остановка ScreenshotService
2025-09-29 03:12:33,055 - INFO - ScreenshotService остановлен
2025-09-29 03:12:33,055 - INFO - === Служба завершена ===
2025-09-29 03:14:41,222 - INFO - Логирование настроено успешно
2025-09-29 03:14:41,223 - INFO - === Запуск Screenshot Service ===
2025-09-29 03:14:41,223 - INFO - Инициализация ScreenshotService...
2025-09-29 03:14:41,607 - ERROR - Ошибка запуска службы: name 'config_path' is not defined
2025-09-29 03:14:41,608 - ERROR - Traceback (most recent call last):
  File "X:\works_project\screenshoter\main.py", line 46, in start
    self.scheduler = ScreenshotScheduler()
                     ^^^^^^^^^^^^^^^^^^^^^
  File "X:\works_project\screenshoter\task_scheduler.py", line 42, in __init__
    self.config_manager = ConfigManager(config_path)
                                        ^^^^^^^^^^^
NameError: name 'config_path' is not defined

2025-09-29 03:14:41,609 - ERROR - Не удалось запустить службу
2025-09-29 03:14:41,609 - INFO - Остановка ScreenshotService
2025-09-29 03:14:41,609 - INFO - ScreenshotService остановлен
2025-09-29 03:14:41,609 - INFO - === Служба завершена ===
2025-09-29 03:16:49,787 - INFO - Логирование настроено успешно
2025-09-29 03:16:49,788 - INFO - === Запуск Screenshot Service ===
2025-09-29 03:16:49,788 - INFO - Инициализация ScreenshotService...
2025-09-29 03:16:50,172 - ERROR - Ошибка запуска службы: name 'config_path' is not defined
2025-09-29 03:16:50,173 - ERROR - Traceback (most recent call last):
  File "X:\works_project\screenshoter\main.py", line 46, in start
    self.scheduler = ScreenshotScheduler()
                     ^^^^^^^^^^^^^^^^^^^^^
  File "X:\works_project\screenshoter\task_scheduler.py", line 42, in __init__
    self.config_manager = ConfigManager(config_path)
                                        ^^^^^^^^^^^
NameError: name 'config_path' is not defined

2025-09-29 03:16:50,173 - ERROR - Не удалось запустить службу
2025-09-29 03:16:50,173 - INFO - Остановка ScreenshotService
2025-09-29 03:16:50,173 - INFO - ScreenshotService остановлен
2025-09-29 03:16:50,173 - INFO - === Служба завершена ===
2025-09-29 03:18:58,360 - INFO - Логирование настроено успешно
2025-09-29 03:18:58,360 - INFO - === Запуск Screenshot Service ===
2025-09-29 03:18:58,360 - INFO - Инициализация ScreenshotService...
2025-09-29 03:18:58,742 - ERROR - Ошибка запуска службы: name 'config_path' is not defined
2025-09-29 03:18:58,744 - ERROR - Traceback (most recent call last):
  File "X:\works_project\screenshoter\main.py", line 46, in start
    self.scheduler = ScreenshotScheduler()
                     ^^^^^^^^^^^^^^^^^^^^^
  File "X:\works_project\screenshoter\task_scheduler.py", line 42, in __init__
    self.config_manager = ConfigManager(config_path)
                                        ^^^^^^^^^^^
NameError: name 'config_path' is not defined

2025-09-29 03:18:58,745 - ERROR - Не удалось запустить службу
2025-09-29 03:18:58,745 - INFO - Остановка ScreenshotService
2025-09-29 03:18:58,745 - INFO - ScreenshotService остановлен
2025-09-29 03:18:58,745 - INFO - === Служба завершена ===
2025-09-29 03:21:06,932 - INFO - Логирование настроено успешно
2025-09-29 03:21:06,932 - INFO - === Запуск Screenshot Service ===
2025-09-29 03:21:06,932 - INFO - Инициализация ScreenshotService...
2025-09-29 03:21:07,321 - ERROR - Ошибка запуска службы: name 'config_path' is not defined
2025-09-29 03:21:07,322 - ERROR - Traceback (most recent call last):
  File "X:\works_project\screenshoter\main.py", line 46, in start
    self.scheduler = ScreenshotScheduler()
                     ^^^^^^^^^^^^^^^^^^^^^
  File "X:\works_project\screenshoter\task_scheduler.py", line 42, in __init__
    self.config_manager = ConfigManager(config_path)
                                        ^^^^^^^^^^^
NameError: name 'config_path' is not defined

2025-09-29 03:21:07,322 - ERROR - Не удалось запустить службу
2025-09-29 03:21:07,322 - INFO - Остановка ScreenshotService
2025-09-29 03:21:07,322 - INFO - ScreenshotService остановлен
2025-09-29 03:21:07,322 - INFO - === Служба завершена ===
2025-09-29 03:23:15,495 - INFO - Логирование настроено успешно
2025-09-29 03:23:15,495 - INFO - === Запуск Screenshot Service ===
2025-09-29 03:23:15,495 - INFO - Инициализация ScreenshotService...
2025-09-29 03:23:15,864 - ERROR - Ошибка запуска службы: name 'config_path' is not defined
2025-09-29 03:23:15,865 - ERROR - Traceback (most recent call last):
  File "X:\works_project\screenshoter\main.py", line 46, in start
    self.scheduler = ScreenshotScheduler()
                     ^^^^^^^^^^^^^^^^^^^^^
  File "X:\works_project\screenshoter\task_scheduler.py", line 42, in __init__
    self.config_manager = ConfigManager(config_path)
                                        ^^^^^^^^^^^
NameError: name 'config_path' is not defined

2025-09-29 03:23:15,865 - ERROR - Не удалось запустить службу
2025-09-29 03:23:15,865 - INFO - Остановка ScreenshotService
2025-09-29 03:23:15,865 - INFO - ScreenshotService остановлен
2025-09-29 03:23:15,865 - INFO - === Служба завершена ===
2025-09-29 03:25:24,074 - INFO - Логирование настроено успешно
2025-09-29 03:25:24,074 - INFO - === Запуск Screenshot Service ===
2025-09-29 03:25:24,074 - INFO - Инициализация ScreenshotService...
2025-09-29 03:25:24,648 - ERROR - Ошибка запуска службы: name 'config_path' is not defined
2025-09-29 03:25:24,650 - ERROR - Traceback (most recent call last):
  File "X:\works_project\screenshoter\main.py", line 46, in start
    self.scheduler = ScreenshotScheduler()
                     ^^^^^^^^^^^^^^^^^^^^^
  File "X:\works_project\screenshoter\task_scheduler.py", line 42, in __init__
    self.config_manager = ConfigManager(config_path)
                                        ^^^^^^^^^^^
NameError: name 'config_path' is not defined

2025-09-29 03:25:24,650 - ERROR - Не удалось запустить службу
2025-09-29 03:25:24,650 - INFO - Остановка ScreenshotService
2025-09-29 03:25:24,650 - INFO - ScreenshotService остановлен
2025-09-29 03:25:24,650 - INFO - === Служба завершена ===
2025-09-29 03:27:32,857 - INFO - Логирование настроено успешно
2025-09-29 03:27:32,857 - INFO - === Запуск Screenshot Service ===
2025-09-29 03:27:32,857 - INFO - Инициализация ScreenshotService...
2025-09-29 03:27:33,233 - ERROR - Ошибка запуска службы: name 'config_path' is not defined
2025-09-29 03:27:33,235 - ERROR - Traceback (most recent call last):
  File "X:\works_project\screenshoter\main.py", line 46, in start
    self.scheduler = ScreenshotScheduler()
                     ^^^^^^^^^^^^^^^^^^^^^
  File "X:\works_project\screenshoter\task_scheduler.py", line 42, in __init__
    self.config_manager = ConfigManager(config_path)
                                        ^^^^^^^^^^^
NameError: name 'config_path' is not defined

2025-09-29 03:27:33,235 - ERROR - Не удалось запустить службу
2025-09-29 03:27:33,235 - INFO - Остановка ScreenshotService
2025-09-29 03:27:33,235 - INFO - ScreenshotService остановлен
2025-09-29 03:27:33,235 - INFO - === Служба завершена ===
2025-09-29 03:29:41,413 - INFO - Логирование настроено успешно
2025-09-29 03:29:41,414 - INFO - === Запуск Screenshot Service ===
2025-09-29 03:29:41,414 - INFO - Инициализация ScreenshotService...
2025-09-29 03:29:41,797 - ERROR - Ошибка запуска службы: name 'config_path' is not defined
2025-09-29 03:29:41,799 - ERROR - Traceback (most recent call last):
  File "X:\works_project\screenshoter\main.py", line 46, in start
    self.scheduler = ScreenshotScheduler()
                     ^^^^^^^^^^^^^^^^^^^^^
  File "X:\works_project\screenshoter\task_scheduler.py", line 42, in __init__
    self.config_manager = ConfigManager(config_path)
                                        ^^^^^^^^^^^
NameError: name 'config_path' is not defined

2025-09-29 03:29:41,799 - ERROR - Не удалось запустить службу
2025-09-29 03:29:41,799 - INFO - Остановка ScreenshotService
2025-09-29 03:29:41,799 - INFO - ScreenshotService остановлен
2025-09-29 03:29:41,799 - INFO - === Служба завершена ===
2025-09-29 03:31:49,977 - INFO - Логирование настроено успешно
2025-09-29 03:31:49,978 - INFO - === Запуск Screenshot Service ===
2025-09-29 03:31:49,978 - INFO - Инициализация ScreenshotService...
2025-09-29 03:31:50,361 - ERROR - Ошибка запуска службы: name 'config_path' is not defined
2025-09-29 03:31:50,362 - ERROR - Traceback (most recent call last):
  File "X:\works_project\screenshoter\main.py", line 46, in start
    self.scheduler = ScreenshotScheduler()
                     ^^^^^^^^^^^^^^^^^^^^^
  File "X:\works_project\screenshoter\task_scheduler.py", line 42, in __init__
    self.config_manager = ConfigManager(config_path)
                                        ^^^^^^^^^^^
NameError: name 'config_path' is not defined

2025-09-29 03:31:50,362 - ERROR - Не удалось запустить службу
2025-09-29 03:31:50,362 - INFO - Остановка ScreenshotService
2025-09-29 03:31:50,362 - INFO - ScreenshotService остановлен
2025-09-29 03:31:50,362 - INFO - === Служба завершена ===
2025-09-29 03:33:58,535 - INFO - Логирование настроено успешно
2025-09-29 03:33:58,536 - INFO - === Запуск Screenshot Service ===
2025-09-29 03:33:58,536 - INFO - Инициализация ScreenshotService...
2025-09-29 03:33:58,909 - ERROR - Ошибка запуска службы: name 'config_path' is not defined
2025-09-29 03:33:58,910 - ERROR - Traceback (most recent call last):
  File "X:\works_project\screenshoter\main.py", line 46, in start
    self.scheduler = ScreenshotScheduler()
                     ^^^^^^^^^^^^^^^^^^^^^
  File "X:\works_project\screenshoter\task_scheduler.py", line 42, in __init__
    self.config_manager = ConfigManager(config_path)
                                        ^^^^^^^^^^^
NameError: name 'config_path' is not defined

2025-09-29 03:33:58,910 - ERROR - Не удалось запустить службу
2025-09-29 03:33:58,910 - INFO - Остановка ScreenshotService
2025-09-29 03:33:58,910 - INFO - ScreenshotService остановлен
2025-09-29 03:33:58,910 - INFO - === Служба завершена ===
2025-09-29 03:36:07,075 - INFO - Логирование настроено успешно
2025-09-29 03:36:07,075 - INFO - === Запуск Screenshot Service ===
2025-09-29 03:36:07,075 - INFO - Инициализация ScreenshotService...
2025-09-29 03:36:07,452 - ERROR - Ошибка запуска службы: name 'config_path' is not defined
2025-09-29 03:36:07,453 - ERROR - Traceback (most recent call last):
  File "X:\works_project\screenshoter\main.py", line 46, in start
    self.scheduler = ScreenshotScheduler()
                     ^^^^^^^^^^^^^^^^^^^^^
  File "X:\works_project\screenshoter\task_scheduler.py", line 42, in __init__
    self.config_manager = ConfigManager(config_path)
                                        ^^^^^^^^^^^
NameError: name 'config_path' is not defined

2025-09-29 03:36:07,453 - ERROR - Не удалось запустить службу
2025-09-29 03:36:07,453 - INFO - Остановка ScreenshotService
2025-09-29 03:36:07,453 - INFO - ScreenshotService остановлен
2025-09-29 03:36:07,455 - INFO - === Служба завершена ===
2025-09-29 03:38:15,615 - INFO - Логирование настроено успешно
2025-09-29 03:38:15,616 - INFO - === Запуск Screenshot Service ===
2025-09-29 03:38:15,616 - INFO - Инициализация ScreenshotService...
2025-09-29 03:38:16,011 - ERROR - Ошибка запуска службы: name 'config_path' is not defined
2025-09-29 03:38:16,012 - ERROR - Traceback (most recent call last):
  File "X:\works_project\screenshoter\main.py", line 46, in start
    self.scheduler = ScreenshotScheduler()
                     ^^^^^^^^^^^^^^^^^^^^^
  File "X:\works_project\screenshoter\task_scheduler.py", line 42, in __init__
    self.config_manager = ConfigManager(config_path)
                                        ^^^^^^^^^^^
NameError: name 'config_path' is not defined

2025-09-29 03:38:16,012 - ERROR - Не удалось запустить службу
2025-09-29 03:38:16,012 - INFO - Остановка ScreenshotService
2025-09-29 03:38:16,012 - INFO - ScreenshotService остановлен
2025-09-29 03:38:16,012 - INFO - === Служба завершена ===
2025-09-29 03:40:24,177 - INFO - Логирование настроено успешно
2025-09-29 03:40:24,178 - INFO - === Запуск Screenshot Service ===
2025-09-29 03:40:24,178 - INFO - Инициализация ScreenshotService...
2025-09-29 03:40:24,565 - ERROR - Ошибка запуска службы: name 'config_path' is not defined
2025-09-29 03:40:24,567 - ERROR - Traceback (most recent call last):
  File "X:\works_project\screenshoter\main.py", line 46, in start
    self.scheduler = ScreenshotScheduler()
                     ^^^^^^^^^^^^^^^^^^^^^
  File "X:\works_project\screenshoter\task_scheduler.py", line 42, in __init__
    self.config_manager = ConfigManager(config_path)
                                        ^^^^^^^^^^^
NameError: name 'config_path' is not defined

2025-09-29 03:40:24,567 - ERROR - Не удалось запустить службу
2025-09-29 03:40:24,567 - INFO - Остановка ScreenshotService
2025-09-29 03:40:24,567 - INFO - ScreenshotService остановлен
2025-09-29 03:40:24,567 - INFO - === Служба завершена ===
2025-09-29 03:42:32,739 - INFO - Логирование настроено успешно
2025-09-29 03:42:32,740 - INFO - === Запуск Screenshot Service ===
2025-09-29 03:42:32,740 - INFO - Инициализация ScreenshotService...
2025-09-29 03:42:33,113 - ERROR - Ошибка запуска службы: name 'config_path' is not defined
2025-09-29 03:42:33,113 - ERROR - Traceback (most recent call last):
  File "X:\works_project\screenshoter\main.py", line 46, in start
    self.scheduler = ScreenshotScheduler()
                     ^^^^^^^^^^^^^^^^^^^^^
  File "X:\works_project\screenshoter\task_scheduler.py", line 42, in __init__
    self.config_manager = ConfigManager(config_path)
                                        ^^^^^^^^^^^
NameError: name 'config_path' is not defined

2025-09-29 03:42:33,114 - ERROR - Не удалось запустить службу
2025-09-29 03:42:33,114 - INFO - Остановка ScreenshotService
2025-09-29 03:42:33,114 - INFO - ScreenshotService остановлен
2025-09-29 03:42:33,114 - INFO - === Служба завершена ===
2025-09-29 03:44:41,286 - INFO - Логирование настроено успешно
2025-09-29 03:44:41,287 - INFO - === Запуск Screenshot Service ===
2025-09-29 03:44:41,287 - INFO - Инициализация ScreenshotService...
2025-09-29 03:44:41,668 - ERROR - Ошибка запуска службы: name 'config_path' is not defined
2025-09-29 03:44:41,669 - ERROR - Traceback (most recent call last):
  File "X:\works_project\screenshoter\main.py", line 46, in start
    self.scheduler = ScreenshotScheduler()
                     ^^^^^^^^^^^^^^^^^^^^^
  File "X:\works_project\screenshoter\task_scheduler.py", line 42, in __init__
    self.config_manager = ConfigManager(config_path)
                                        ^^^^^^^^^^^
NameError: name 'config_path' is not defined

2025-09-29 03:44:41,669 - ERROR - Не удалось запустить службу
2025-09-29 03:44:41,669 - INFO - Остановка ScreenshotService
2025-09-29 03:44:41,669 - INFO - ScreenshotService остановлен
2025-09-29 03:44:41,669 - INFO - === Служба завершена ===
2025-09-29 03:46:49,829 - INFO - Логирование настроено успешно
2025-09-29 03:46:49,829 - INFO - === Запуск Screenshot Service ===
2025-09-29 03:46:49,829 - INFO - Инициализация ScreenshotService...
2025-09-29 03:46:50,205 - ERROR - Ошибка запуска службы: name 'config_path' is not defined
2025-09-29 03:46:50,206 - ERROR - Traceback (most recent call last):
  File "X:\works_project\screenshoter\main.py", line 46, in start
    self.scheduler = ScreenshotScheduler()
                     ^^^^^^^^^^^^^^^^^^^^^
  File "X:\works_project\screenshoter\task_scheduler.py", line 42, in __init__
    self.config_manager = ConfigManager(config_path)
                                        ^^^^^^^^^^^
NameError: name 'config_path' is not defined

2025-09-29 03:46:50,206 - ERROR - Не удалось запустить службу
2025-09-29 03:46:50,206 - INFO - Остановка ScreenshotService
2025-09-29 03:46:50,206 - INFO - ScreenshotService остановлен
2025-09-29 03:46:50,206 - INFO - === Служба завершена ===
2025-09-29 03:48:58,373 - INFO - Логирование настроено успешно
2025-09-29 03:48:58,373 - INFO - === Запуск Screenshot Service ===
2025-09-29 03:48:58,373 - INFO - Инициализация ScreenshotService...
2025-09-29 03:48:58,743 - ERROR - Ошибка запуска службы: name 'config_path' is not defined
2025-09-29 03:48:58,744 - ERROR - Traceback (most recent call last):
  File "X:\works_project\screenshoter\main.py", line 46, in start
    self.scheduler = ScreenshotScheduler()
                     ^^^^^^^^^^^^^^^^^^^^^
  File "X:\works_project\screenshoter\task_scheduler.py", line 42, in __init__
    self.config_manager = ConfigManager(config_path)
                                        ^^^^^^^^^^^
NameError: name 'config_path' is not defined

2025-09-29 03:48:58,745 - ERROR - Не удалось запустить службу
2025-09-29 03:48:58,745 - INFO - Остановка ScreenshotService
2025-09-29 03:48:58,745 - INFO - ScreenshotService остановлен
2025-09-29 03:48:58,745 - INFO - === Служба завершена ===
2025-09-29 03:51:06,922 - INFO - Логирование настроено успешно
2025-09-29 03:51:06,922 - INFO - === Запуск Screenshot Service ===
2025-09-29 03:51:06,922 - INFO - Инициализация ScreenshotService...
2025-09-29 03:51:07,291 - ERROR - Ошибка запуска службы: name 'config_path' is not defined
2025-09-29 03:51:07,292 - ERROR - Traceback (most recent call last):
  File "X:\works_project\screenshoter\main.py", line 46, in start
    self.scheduler = ScreenshotScheduler()
                     ^^^^^^^^^^^^^^^^^^^^^
  File "X:\works_project\screenshoter\task_scheduler.py", line 42, in __init__
    self.config_manager = ConfigManager(config_path)
                                        ^^^^^^^^^^^
NameError: name 'config_path' is not defined

2025-09-29 03:51:07,292 - ERROR - Не удалось запустить службу
2025-09-29 03:51:07,292 - INFO - Остановка ScreenshotService
2025-09-29 03:51:07,292 - INFO - ScreenshotService остановлен
2025-09-29 03:51:07,292 - INFO - === Служба завершена ===
2025-09-29 03:53:15,470 - INFO - Логирование настроено успешно
2025-09-29 03:53:15,470 - INFO - === Запуск Screenshot Service ===
2025-09-29 03:53:15,471 - INFO - Инициализация ScreenshotService...
2025-09-29 03:53:15,849 - ERROR - Ошибка запуска службы: name 'config_path' is not defined
2025-09-29 03:53:15,850 - ERROR - Traceback (most recent call last):
  File "X:\works_project\screenshoter\main.py", line 46, in start
    self.scheduler = ScreenshotScheduler()
                     ^^^^^^^^^^^^^^^^^^^^^
  File "X:\works_project\screenshoter\task_scheduler.py", line 42, in __init__
    self.config_manager = ConfigManager(config_path)
                                        ^^^^^^^^^^^
NameError: name 'config_path' is not defined

2025-09-29 03:53:15,850 - ERROR - Не удалось запустить службу
2025-09-29 03:53:15,850 - INFO - Остановка ScreenshotService
2025-09-29 03:53:15,851 - INFO - ScreenshotService остановлен
2025-09-29 03:53:15,851 - INFO - === Служба завершена ===
2025-09-29 03:55:24,010 - INFO - Логирование настроено успешно
2025-09-29 03:55:24,011 - INFO - === Запуск Screenshot Service ===
2025-09-29 03:55:24,011 - INFO - Инициализация ScreenshotService...
2025-09-29 03:55:24,384 - ERROR - Ошибка запуска службы: name 'config_path' is not defined
2025-09-29 03:55:24,385 - ERROR - Traceback (most recent call last):
  File "X:\works_project\screenshoter\main.py", line 46, in start
    self.scheduler = ScreenshotScheduler()
                     ^^^^^^^^^^^^^^^^^^^^^
  File "X:\works_project\screenshoter\task_scheduler.py", line 42, in __init__
    self.config_manager = ConfigManager(config_path)
                                        ^^^^^^^^^^^
NameError: name 'config_path' is not defined

2025-09-29 03:55:24,385 - ERROR - Не удалось запустить службу
2025-09-29 03:55:24,385 - INFO - Остановка ScreenshotService
2025-09-29 03:55:24,385 - INFO - ScreenshotService остановлен
2025-09-29 03:55:24,385 - INFO - === Служба завершена ===
2025-09-29 03:57:32,570 - INFO - Логирование настроено успешно
2025-09-29 03:57:32,570 - INFO - === Запуск Screenshot Service ===
2025-09-29 03:57:32,570 - INFO - Инициализация ScreenshotService...
2025-09-29 03:57:32,951 - ERROR - Ошибка запуска службы: name 'config_path' is not defined
2025-09-29 03:57:32,952 - ERROR - Traceback (most recent call last):
  File "X:\works_project\screenshoter\main.py", line 46, in start
    self.scheduler = ScreenshotScheduler()
                     ^^^^^^^^^^^^^^^^^^^^^
  File "X:\works_project\screenshoter\task_scheduler.py", line 42, in __init__
    self.config_manager = ConfigManager(config_path)
                                        ^^^^^^^^^^^
NameError: name 'config_path' is not defined

2025-09-29 03:57:32,952 - ERROR - Не удалось запустить службу
2025-09-29 03:57:32,953 - INFO - Остановка ScreenshotService
2025-09-29 03:57:32,953 - INFO - ScreenshotService остановлен
2025-09-29 03:57:32,953 - INFO - === Служба завершена ===
2025-09-29 03:59:41,156 - INFO - Логирование настроено успешно
2025-09-29 03:59:41,156 - INFO - === Запуск Screenshot Service ===
2025-09-29 03:59:41,156 - INFO - Инициализация ScreenshotService...
2025-09-29 03:59:41,528 - ERROR - Ошибка запуска службы: name 'config_path' is not defined
2025-09-29 03:59:41,529 - ERROR - Traceback (most recent call last):
  File "X:\works_project\screenshoter\main.py", line 46, in start
    self.scheduler = ScreenshotScheduler()
                     ^^^^^^^^^^^^^^^^^^^^^
  File "X:\works_project\screenshoter\task_scheduler.py", line 42, in __init__
    self.config_manager = ConfigManager(config_path)
                                        ^^^^^^^^^^^
NameError: name 'config_path' is not defined

2025-09-29 03:59:41,529 - ERROR - Не удалось запустить службу
2025-09-29 03:59:41,529 - INFO - Остановка ScreenshotService
2025-09-29 03:59:41,529 - INFO - ScreenshotService остановлен
2025-09-29 03:59:41,530 - INFO - === Служба завершена ===
2025-09-29 04:01:49,693 - INFO - Логирование настроено успешно
2025-09-29 04:01:49,693 - INFO - === Запуск Screenshot Service ===
2025-09-29 04:01:49,693 - INFO - Инициализация ScreenshotService...
2025-09-29 04:01:50,066 - ERROR - Ошибка запуска службы: name 'config_path' is not defined
2025-09-29 04:01:50,067 - ERROR - Traceback (most recent call last):
  File "X:\works_project\screenshoter\main.py", line 46, in start
    self.scheduler = ScreenshotScheduler()
                     ^^^^^^^^^^^^^^^^^^^^^
  File "X:\works_project\screenshoter\task_scheduler.py", line 42, in __init__
    self.config_manager = ConfigManager(config_path)
                                        ^^^^^^^^^^^
NameError: name 'config_path' is not defined

2025-09-29 04:01:50,067 - ERROR - Не удалось запустить службу
2025-09-29 04:01:50,067 - INFO - Остановка ScreenshotService
2025-09-29 04:01:50,067 - INFO - ScreenshotService остановлен
2025-09-29 04:01:50,067 - INFO - === Служба завершена ===
2025-09-29 04:03:58,233 - INFO - Логирование настроено успешно
2025-09-29 04:03:58,234 - INFO - === Запуск Screenshot Service ===
2025-09-29 04:03:58,234 - INFO - Инициализация ScreenshotService...
2025-09-29 04:03:58,607 - ERROR - Ошибка запуска службы: name 'config_path' is not defined
2025-09-29 04:03:58,608 - ERROR - Traceback (most recent call last):
  File "X:\works_project\screenshoter\main.py", line 46, in start
    self.scheduler = ScreenshotScheduler()
                     ^^^^^^^^^^^^^^^^^^^^^
  File "X:\works_project\screenshoter\task_scheduler.py", line 42, in __init__
    self.config_manager = ConfigManager(config_path)
                                        ^^^^^^^^^^^
NameError: name 'config_path' is not defined

2025-09-29 04:03:58,608 - ERROR - Не удалось запустить службу
2025-09-29 04:03:58,608 - INFO - Остановка ScreenshotService
2025-09-29 04:03:58,609 - INFO - ScreenshotService остановлен
2025-09-29 04:03:58,609 - INFO - === Служба завершена ===
2025-09-29 04:06:06,779 - INFO - Логирование настроено успешно
2025-09-29 04:06:06,780 - INFO - === Запуск Screenshot Service ===
2025-09-29 04:06:06,780 - INFO - Инициализация ScreenshotService...
2025-09-29 04:06:07,152 - ERROR - Ошибка запуска службы: name 'config_path' is not defined
2025-09-29 04:06:07,153 - ERROR - Traceback (most recent call last):
  File "X:\works_project\screenshoter\main.py", line 46, in start
    self.scheduler = ScreenshotScheduler()
                     ^^^^^^^^^^^^^^^^^^^^^
  File "X:\works_project\screenshoter\task_scheduler.py", line 42, in __init__
    self.config_manager = ConfigManager(config_path)
                                        ^^^^^^^^^^^
NameError: name 'config_path' is not defined

2025-09-29 04:06:07,153 - ERROR - Не удалось запустить службу
2025-09-29 04:06:07,154 - INFO - Остановка ScreenshotService
2025-09-29 04:06:07,154 - INFO - ScreenshotService остановлен
2025-09-29 04:06:07,154 - INFO - === Служба завершена ===
2025-09-29 04:08:15,319 - INFO - Логирование настроено успешно
2025-09-29 04:08:15,320 - INFO - === Запуск Screenshot Service ===
2025-09-29 04:08:15,320 - INFO - Инициализация ScreenshotService...
2025-09-29 04:08:15,702 - ERROR - Ошибка запуска службы: name 'config_path' is not defined
2025-09-29 04:08:15,704 - ERROR - Traceback (most recent call last):
  File "X:\works_project\screenshoter\main.py", line 46, in start
    self.scheduler = ScreenshotScheduler()
                     ^^^^^^^^^^^^^^^^^^^^^
  File "X:\works_project\screenshoter\task_scheduler.py", line 42, in __init__
    self.config_manager = ConfigManager(config_path)
                                        ^^^^^^^^^^^
NameError: name 'config_path' is not defined

2025-09-29 04:08:15,704 - ERROR - Не удалось запустить службу
2025-09-29 04:08:15,704 - INFO - Остановка ScreenshotService
2025-09-29 04:08:15,705 - INFO - ScreenshotService остановлен
2025-09-29 04:08:15,705 - INFO - === Служба завершена ===
2025-09-29 04:10:23,890 - INFO - Логирование настроено успешно
2025-09-29 04:10:23,890 - INFO - === Запуск Screenshot Service ===
2025-09-29 04:10:23,890 - INFO - Инициализация ScreenshotService...
2025-09-29 04:10:24,274 - ERROR - Ошибка запуска службы: name 'config_path' is not defined
2025-09-29 04:10:24,275 - ERROR - Traceback (most recent call last):
  File "X:\works_project\screenshoter\main.py", line 46, in start
    self.scheduler = ScreenshotScheduler()
                     ^^^^^^^^^^^^^^^^^^^^^
  File "X:\works_project\screenshoter\task_scheduler.py", line 42, in __init__
    self.config_manager = ConfigManager(config_path)
                                        ^^^^^^^^^^^
NameError: name 'config_path' is not defined

2025-09-29 04:10:24,275 - ERROR - Не удалось запустить службу
2025-09-29 04:10:24,275 - INFO - Остановка ScreenshotService
2025-09-29 04:10:24,275 - INFO - ScreenshotService остановлен
2025-09-29 04:10:24,275 - INFO - === Служба завершена ===
2025-09-29 04:12:32,446 - INFO - Логирование настроено успешно
2025-09-29 04:12:32,446 - INFO - === Запуск Screenshot Service ===
2025-09-29 04:12:32,447 - INFO - Инициализация ScreenshotService...
2025-09-29 04:12:32,820 - ERROR - Ошибка запуска службы: name 'config_path' is not defined
2025-09-29 04:12:32,821 - ERROR - Traceback (most recent call last):
  File "X:\works_project\screenshoter\main.py", line 46, in start
    self.scheduler = ScreenshotScheduler()
                     ^^^^^^^^^^^^^^^^^^^^^
  File "X:\works_project\screenshoter\task_scheduler.py", line 42, in __init__
    self.config_manager = ConfigManager(config_path)
                                        ^^^^^^^^^^^
NameError: name 'config_path' is not defined

2025-09-29 04:12:32,821 - ERROR - Не удалось запустить службу
2025-09-29 04:12:32,821 - INFO - Остановка ScreenshotService
2025-09-29 04:12:32,822 - INFO - ScreenshotService остановлен
2025-09-29 04:12:32,822 - INFO - === Служба завершена ===
2025-09-29 04:14:40,988 - INFO - Логирование настроено успешно
2025-09-29 04:14:40,988 - INFO - === Запуск Screenshot Service ===
2025-09-29 04:14:40,988 - INFO - Инициализация ScreenshotService...
2025-09-29 04:14:41,365 - ERROR - Ошибка запуска службы: name 'config_path' is not defined
2025-09-29 04:14:41,366 - ERROR - Traceback (most recent call last):
  File "X:\works_project\screenshoter\main.py", line 46, in start
    self.scheduler = ScreenshotScheduler()
                     ^^^^^^^^^^^^^^^^^^^^^
  File "X:\works_project\screenshoter\task_scheduler.py", line 42, in __init__
    self.config_manager = ConfigManager(config_path)
                                        ^^^^^^^^^^^
NameError: name 'config_path' is not defined

2025-09-29 04:14:41,366 - ERROR - Не удалось запустить службу
2025-09-29 04:14:41,366 - INFO - Остановка ScreenshotService
2025-09-29 04:14:41,366 - INFO - ScreenshotService остановлен
2025-09-29 04:14:41,366 - INFO - === Служба завершена ===
2025-09-29 04:16:49,528 - INFO - Логирование настроено успешно
2025-09-29 04:16:49,528 - INFO - === Запуск Screenshot Service ===
2025-09-29 04:16:49,528 - INFO - Инициализация ScreenshotService...
2025-09-29 04:16:49,928 - ERROR - Ошибка запуска службы: name 'config_path' is not defined
2025-09-29 04:16:49,929 - ERROR - Traceback (most recent call last):
  File "X:\works_project\screenshoter\main.py", line 46, in start
    self.scheduler = ScreenshotScheduler()
                     ^^^^^^^^^^^^^^^^^^^^^
  File "X:\works_project\screenshoter\task_scheduler.py", line 42, in __init__
    self.config_manager = ConfigManager(config_path)
                                        ^^^^^^^^^^^
NameError: name 'config_path' is not defined

2025-09-29 04:16:49,929 - ERROR - Не удалось запустить службу
2025-09-29 04:16:49,930 - INFO - Остановка ScreenshotService
2025-09-29 04:16:49,930 - INFO - ScreenshotService остановлен
2025-09-29 04:16:49,930 - INFO - === Служба завершена ===
2025-09-29 04:18:58,117 - INFO - Логирование настроено успешно
2025-09-29 04:18:58,117 - INFO - === Запуск Screenshot Service ===
2025-09-29 04:18:58,117 - INFO - Инициализация ScreenshotService...
2025-09-29 04:18:58,509 - ERROR - Ошибка запуска службы: name 'config_path' is not defined
2025-09-29 04:18:58,510 - ERROR - Traceback (most recent call last):
  File "X:\works_project\screenshoter\main.py", line 46, in start
    self.scheduler = ScreenshotScheduler()
                     ^^^^^^^^^^^^^^^^^^^^^
  File "X:\works_project\screenshoter\task_scheduler.py", line 42, in __init__
    self.config_manager = ConfigManager(config_path)
                                        ^^^^^^^^^^^
NameError: name 'config_path' is not defined

2025-09-29 04:18:58,510 - ERROR - Не удалось запустить службу
2025-09-29 04:18:58,510 - INFO - Остановка ScreenshotService
2025-09-29 04:18:58,510 - INFO - ScreenshotService остановлен
2025-09-29 04:18:58,511 - INFO - === Служба завершена ===
2025-09-29 04:21:06,706 - INFO - Логирование настроено успешно
2025-09-29 04:21:06,706 - INFO - === Запуск Screenshot Service ===
2025-09-29 04:21:06,706 - INFO - Инициализация ScreenshotService...
2025-09-29 04:21:07,106 - ERROR - Ошибка запуска службы: name 'config_path' is not defined
2025-09-29 04:21:07,107 - ERROR - Traceback (most recent call last):
  File "X:\works_project\screenshoter\main.py", line 46, in start
    self.scheduler = ScreenshotScheduler()
                     ^^^^^^^^^^^^^^^^^^^^^
  File "X:\works_project\screenshoter\task_scheduler.py", line 42, in __init__
    self.config_manager = ConfigManager(config_path)
                                        ^^^^^^^^^^^
NameError: name 'config_path' is not defined

2025-09-29 04:21:07,108 - ERROR - Не удалось запустить службу
2025-09-29 04:21:07,108 - INFO - Остановка ScreenshotService
2025-09-29 04:21:07,108 - INFO - ScreenshotService остановлен
2025-09-29 04:21:07,108 - INFO - === Служба завершена ===
2025-09-29 04:23:15,293 - INFO - Логирование настроено успешно
2025-09-29 04:23:15,295 - INFO - === Запуск Screenshot Service ===
2025-09-29 04:23:15,295 - INFO - Инициализация ScreenshotService...
2025-09-29 04:23:15,688 - ERROR - Ошибка запуска службы: name 'config_path' is not defined
2025-09-29 04:23:15,689 - ERROR - Traceback (most recent call last):
  File "X:\works_project\screenshoter\main.py", line 46, in start
    self.scheduler = ScreenshotScheduler()
                     ^^^^^^^^^^^^^^^^^^^^^
  File "X:\works_project\screenshoter\task_scheduler.py", line 42, in __init__
    self.config_manager = ConfigManager(config_path)
                                        ^^^^^^^^^^^
NameError: name 'config_path' is not defined

2025-09-29 04:23:15,689 - ERROR - Не удалось запустить службу
2025-09-29 04:23:15,689 - INFO - Остановка ScreenshotService
2025-09-29 04:23:15,689 - INFO - ScreenshotService остановлен
2025-09-29 04:23:15,689 - INFO - === Служба завершена ===
2025-09-29 04:25:23,882 - INFO - Логирование настроено успешно
2025-09-29 04:25:23,883 - INFO - === Запуск Screenshot Service ===
2025-09-29 04:25:23,883 - INFO - Инициализация ScreenshotService...
2025-09-29 04:25:24,272 - ERROR - Ошибка запуска службы: name 'config_path' is not defined
2025-09-29 04:25:24,273 - ERROR - Traceback (most recent call last):
  File "X:\works_project\screenshoter\main.py", line 46, in start
    self.scheduler = ScreenshotScheduler()
                     ^^^^^^^^^^^^^^^^^^^^^
  File "X:\works_project\screenshoter\task_scheduler.py", line 42, in __init__
    self.config_manager = ConfigManager(config_path)
                                        ^^^^^^^^^^^
NameError: name 'config_path' is not defined

2025-09-29 04:25:24,273 - ERROR - Не удалось запустить службу
2025-09-29 04:25:24,273 - INFO - Остановка ScreenshotService
2025-09-29 04:25:24,273 - INFO - ScreenshotService остановлен
2025-09-29 04:25:24,273 - INFO - === Служба завершена ===
2025-09-29 04:27:32,443 - INFO - Логирование настроено успешно
2025-09-29 04:27:32,443 - INFO - === Запуск Screenshot Service ===
2025-09-29 04:27:32,444 - INFO - Инициализация ScreenshotService...
2025-09-29 04:27:32,821 - ERROR - Ошибка запуска службы: name 'config_path' is not defined
2025-09-29 04:27:32,822 - ERROR - Traceback (most recent call last):
  File "X:\works_project\screenshoter\main.py", line 46, in start
    self.scheduler = ScreenshotScheduler()
                     ^^^^^^^^^^^^^^^^^^^^^
  File "X:\works_project\screenshoter\task_scheduler.py", line 42, in __init__
    self.config_manager = ConfigManager(config_path)
                                        ^^^^^^^^^^^
NameError: name 'config_path' is not defined

2025-09-29 04:27:32,822 - ERROR - Не удалось запустить службу
2025-09-29 04:27:32,822 - INFO - Остановка ScreenshotService
2025-09-29 04:27:32,822 - INFO - ScreenshotService остановлен
2025-09-29 04:27:32,824 - INFO - === Служба завершена ===
2025-09-29 04:29:41,002 - INFO - Логирование настроено успешно
2025-09-29 04:29:41,002 - INFO - === Запуск Screenshot Service ===
2025-09-29 04:29:41,002 - INFO - Инициализация ScreenshotService...
2025-09-29 04:29:41,390 - ERROR - Ошибка запуска службы: name 'config_path' is not defined
2025-09-29 04:29:41,391 - ERROR - Traceback (most recent call last):
  File "X:\works_project\screenshoter\main.py", line 46, in start
    self.scheduler = ScreenshotScheduler()
                     ^^^^^^^^^^^^^^^^^^^^^
  File "X:\works_project\screenshoter\task_scheduler.py", line 42, in __init__
    self.config_manager = ConfigManager(config_path)
                                        ^^^^^^^^^^^
NameError: name 'config_path' is not defined

2025-09-29 04:29:41,391 - ERROR - Не удалось запустить службу
2025-09-29 04:29:41,391 - INFO - Остановка ScreenshotService
2025-09-29 04:29:41,391 - INFO - ScreenshotService остановлен
2025-09-29 04:29:41,392 - INFO - === Служба завершена ===
2025-09-29 04:31:49,563 - INFO - Логирование настроено успешно
2025-09-29 04:31:49,563 - INFO - === Запуск Screenshot Service ===
2025-09-29 04:31:49,563 - INFO - Инициализация ScreenshotService...
2025-09-29 04:31:49,937 - ERROR - Ошибка запуска службы: name 'config_path' is not defined
2025-09-29 04:31:49,938 - ERROR - Traceback (most recent call last):
  File "X:\works_project\screenshoter\main.py", line 46, in start
    self.scheduler = ScreenshotScheduler()
                     ^^^^^^^^^^^^^^^^^^^^^
  File "X:\works_project\screenshoter\task_scheduler.py", line 42, in __init__
    self.config_manager = ConfigManager(config_path)
                                        ^^^^^^^^^^^
NameError: name 'config_path' is not defined

2025-09-29 04:31:49,938 - ERROR - Не удалось запустить службу
2025-09-29 04:31:49,938 - INFO - Остановка ScreenshotService
2025-09-29 04:31:49,938 - INFO - ScreenshotService остановлен
2025-09-29 04:31:49,938 - INFO - === Служба завершена ===
2025-09-29 04:33:58,125 - INFO - Логирование настроено успешно
2025-09-29 04:33:58,126 - INFO - === Запуск Screenshot Service ===
2025-09-29 04:33:58,126 - INFO - Инициализация ScreenshotService...
2025-09-29 04:33:58,513 - ERROR - Ошибка запуска службы: name 'config_path' is not defined
2025-09-29 04:33:58,515 - ERROR - Traceback (most recent call last):
  File "X:\works_project\screenshoter\main.py", line 46, in start
    self.scheduler = ScreenshotScheduler()
                     ^^^^^^^^^^^^^^^^^^^^^
  File "X:\works_project\screenshoter\task_scheduler.py", line 42, in __init__
    self.config_manager = ConfigManager(config_path)
                                        ^^^^^^^^^^^
NameError: name 'config_path' is not defined

2025-09-29 04:33:58,515 - ERROR - Не удалось запустить службу
2025-09-29 04:33:58,515 - INFO - Остановка ScreenshotService
2025-09-29 04:33:58,515 - INFO - ScreenshotService остановлен
2025-09-29 04:33:58,515 - INFO - === Служба завершена ===
2025-09-29 04:36:06,701 - INFO - Логирование настроено успешно
2025-09-29 04:36:06,701 - INFO - === Запуск Screenshot Service ===
2025-09-29 04:36:06,701 - INFO - Инициализация ScreenshotService...
2025-09-29 04:36:07,103 - ERROR - Ошибка запуска службы: name 'config_path' is not defined
2025-09-29 04:36:07,105 - ERROR - Traceback (most recent call last):
  File "X:\works_project\screenshoter\main.py", line 46, in start
    self.scheduler = ScreenshotScheduler()
                     ^^^^^^^^^^^^^^^^^^^^^
  File "X:\works_project\screenshoter\task_scheduler.py", line 42, in __init__
    self.config_manager = ConfigManager(config_path)
                                        ^^^^^^^^^^^
NameError: name 'config_path' is not defined

2025-09-29 04:36:07,105 - ERROR - Не удалось запустить службу
2025-09-29 04:36:07,105 - INFO - Остановка ScreenshotService
2025-09-29 04:36:07,105 - INFO - ScreenshotService остановлен
2025-09-29 04:36:07,105 - INFO - === Служба завершена ===
2025-09-29 04:38:15,282 - INFO - Логирование настроено успешно
2025-09-29 04:38:15,282 - INFO - === Запуск Screenshot Service ===
2025-09-29 04:38:15,282 - INFO - Инициализация ScreenshotService...
2025-09-29 04:38:15,665 - ERROR - Ошибка запуска службы: name 'config_path' is not defined
2025-09-29 04:38:15,666 - ERROR - Traceback (most recent call last):
  File "X:\works_project\screenshoter\main.py", line 46, in start
    self.scheduler = ScreenshotScheduler()
                     ^^^^^^^^^^^^^^^^^^^^^
  File "X:\works_project\screenshoter\task_scheduler.py", line 42, in __init__
    self.config_manager = ConfigManager(config_path)
                                        ^^^^^^^^^^^
NameError: name 'config_path' is not defined

2025-09-29 04:38:15,666 - ERROR - Не удалось запустить службу
2025-09-29 04:38:15,666 - INFO - Остановка ScreenshotService
2025-09-29 04:38:15,666 - INFO - ScreenshotService остановлен
2025-09-29 04:38:15,666 - INFO - === Служба завершена ===
2025-09-29 04:40:23,841 - INFO - Логирование настроено успешно
2025-09-29 04:40:23,841 - INFO - === Запуск Screenshot Service ===
2025-09-29 04:40:23,841 - INFO - Инициализация ScreenshotService...
2025-09-29 04:40:24,230 - ERROR - Ошибка запуска службы: name 'config_path' is not defined
2025-09-29 04:40:24,231 - ERROR - Traceback (most recent call last):
  File "X:\works_project\screenshoter\main.py", line 46, in start
    self.scheduler = ScreenshotScheduler()
                     ^^^^^^^^^^^^^^^^^^^^^
  File "X:\works_project\screenshoter\task_scheduler.py", line 42, in __init__
    self.config_manager = ConfigManager(config_path)
                                        ^^^^^^^^^^^
NameError: name 'config_path' is not defined

2025-09-29 04:40:24,231 - ERROR - Не удалось запустить службу
2025-09-29 04:40:24,231 - INFO - Остановка ScreenshotService
2025-09-29 04:40:24,231 - INFO - ScreenshotService остановлен
2025-09-29 04:40:24,231 - INFO - === Служба завершена ===
2025-09-29 04:42:32,403 - INFO - Логирование настроено успешно
2025-09-29 04:42:32,403 - INFO - === Запуск Screenshot Service ===
2025-09-29 04:42:32,403 - INFO - Инициализация ScreenshotService...
2025-09-29 04:42:32,770 - ERROR - Ошибка запуска службы: name 'config_path' is not defined
2025-09-29 04:42:32,771 - ERROR - Traceback (most recent call last):
  File "X:\works_project\screenshoter\main.py", line 46, in start
    self.scheduler = ScreenshotScheduler()
                     ^^^^^^^^^^^^^^^^^^^^^
  File "X:\works_project\screenshoter\task_scheduler.py", line 42, in __init__
    self.config_manager = ConfigManager(config_path)
                                        ^^^^^^^^^^^
NameError: name 'config_path' is not defined

2025-09-29 04:42:32,771 - ERROR - Не удалось запустить службу
2025-09-29 04:42:32,771 - INFO - Остановка ScreenshotService
2025-09-29 04:42:32,772 - INFO - ScreenshotService остановлен
2025-09-29 04:42:32,772 - INFO - === Служба завершена ===
2025-09-29 04:44:40,959 - INFO - Логирование настроено успешно
2025-09-29 04:44:40,959 - INFO - === Запуск Screenshot Service ===
2025-09-29 04:44:40,959 - INFO - Инициализация ScreenshotService...
2025-09-29 04:44:41,347 - ERROR - Ошибка запуска службы: name 'config_path' is not defined
2025-09-29 04:44:41,348 - ERROR - Traceback (most recent call last):
  File "X:\works_project\screenshoter\main.py", line 46, in start
    self.scheduler = ScreenshotScheduler()
                     ^^^^^^^^^^^^^^^^^^^^^
  File "X:\works_project\screenshoter\task_scheduler.py", line 42, in __init__
    self.config_manager = ConfigManager(config_path)
                                        ^^^^^^^^^^^
NameError: name 'config_path' is not defined

2025-09-29 04:44:41,348 - ERROR - Не удалось запустить службу
2025-09-29 04:44:41,348 - INFO - Остановка ScreenshotService
2025-09-29 04:44:41,348 - INFO - ScreenshotService остановлен
2025-09-29 04:44:41,348 - INFO - === Служба завершена ===
2025-09-29 04:46:49,538 - INFO - Логирование настроено успешно
2025-09-29 04:46:49,538 - INFO - === Запуск Screenshot Service ===
2025-09-29 04:46:49,538 - INFO - Инициализация ScreenshotService...
2025-09-29 04:46:49,931 - ERROR - Ошибка запуска службы: name 'config_path' is not defined
2025-09-29 04:46:49,932 - ERROR - Traceback (most recent call last):
  File "X:\works_project\screenshoter\main.py", line 46, in start
    self.scheduler = ScreenshotScheduler()
                     ^^^^^^^^^^^^^^^^^^^^^
  File "X:\works_project\screenshoter\task_scheduler.py", line 42, in __init__
    self.config_manager = ConfigManager(config_path)
                                        ^^^^^^^^^^^
NameError: name 'config_path' is not defined

2025-09-29 04:46:49,932 - ERROR - Не удалось запустить службу
2025-09-29 04:46:49,932 - INFO - Остановка ScreenshotService
2025-09-29 04:46:49,932 - INFO - ScreenshotService остановлен
2025-09-29 04:46:49,932 - INFO - === Служба завершена ===
2025-09-29 04:48:58,114 - INFO - Логирование настроено успешно
2025-09-29 04:48:58,114 - INFO - === Запуск Screenshot Service ===
2025-09-29 04:48:58,114 - INFO - Инициализация ScreenshotService...
2025-09-29 04:48:58,498 - ERROR - Ошибка запуска службы: name 'config_path' is not defined
2025-09-29 04:48:58,499 - ERROR - Traceback (most recent call last):
  File "X:\works_project\screenshoter\main.py", line 46, in start
    self.scheduler = ScreenshotScheduler()
                     ^^^^^^^^^^^^^^^^^^^^^
  File "X:\works_project\screenshoter\task_scheduler.py", line 42, in __init__
    self.config_manager = ConfigManager(config_path)
                                        ^^^^^^^^^^^
NameError: name 'config_path' is not defined

2025-09-29 04:48:58,499 - ERROR - Не удалось запустить службу
2025-09-29 04:48:58,499 - INFO - Остановка ScreenshotService
2025-09-29 04:48:58,499 - INFO - ScreenshotService остановлен
2025-09-29 04:48:58,499 - INFO - === Служба завершена ===
2025-09-29 04:51:06,671 - INFO - Логирование настроено успешно
2025-09-29 04:51:06,671 - INFO - === Запуск Screenshot Service ===
2025-09-29 04:51:06,671 - INFO - Инициализация ScreenshotService...
2025-09-29 04:51:07,042 - ERROR - Ошибка запуска службы: name 'config_path' is not defined
2025-09-29 04:51:07,043 - ERROR - Traceback (most recent call last):
  File "X:\works_project\screenshoter\main.py", line 46, in start
    self.scheduler = ScreenshotScheduler()
                     ^^^^^^^^^^^^^^^^^^^^^
  File "X:\works_project\screenshoter\task_scheduler.py", line 42, in __init__
    self.config_manager = ConfigManager(config_path)
                                        ^^^^^^^^^^^
NameError: name 'config_path' is not defined

2025-09-29 04:51:07,043 - ERROR - Не удалось запустить службу
2025-09-29 04:51:07,043 - INFO - Остановка ScreenshotService
2025-09-29 04:51:07,043 - INFO - ScreenshotService остановлен
2025-09-29 04:51:07,043 - INFO - === Служба завершена ===
2025-09-29 04:53:15,219 - INFO - Логирование настроено успешно
2025-09-29 04:53:15,219 - INFO - === Запуск Screenshot Service ===
2025-09-29 04:53:15,219 - INFO - Инициализация ScreenshotService...
2025-09-29 04:53:15,600 - ERROR - Ошибка запуска службы: name 'config_path' is not defined
2025-09-29 04:53:15,602 - ERROR - Traceback (most recent call last):
  File "X:\works_project\screenshoter\main.py", line 46, in start
    self.scheduler = ScreenshotScheduler()
                     ^^^^^^^^^^^^^^^^^^^^^
  File "X:\works_project\screenshoter\task_scheduler.py", line 42, in __init__
    self.config_manager = ConfigManager(config_path)
                                        ^^^^^^^^^^^
NameError: name 'config_path' is not defined

2025-09-29 04:53:15,602 - ERROR - Не удалось запустить службу
2025-09-29 04:53:15,602 - INFO - Остановка ScreenshotService
2025-09-29 04:53:15,602 - INFO - ScreenshotService остановлен
2025-09-29 04:53:15,602 - INFO - === Служба завершена ===
2025-09-29 04:55:23,778 - INFO - Логирование настроено успешно
2025-09-29 04:55:23,778 - INFO - === Запуск Screenshot Service ===
2025-09-29 04:55:23,778 - INFO - Инициализация ScreenshotService...
2025-09-29 04:55:24,147 - ERROR - Ошибка запуска службы: name 'config_path' is not defined
2025-09-29 04:55:24,147 - ERROR - Traceback (most recent call last):
  File "X:\works_project\screenshoter\main.py", line 46, in start
    self.scheduler = ScreenshotScheduler()
                     ^^^^^^^^^^^^^^^^^^^^^
  File "X:\works_project\screenshoter\task_scheduler.py", line 42, in __init__
    self.config_manager = ConfigManager(config_path)
                                        ^^^^^^^^^^^
NameError: name 'config_path' is not defined

2025-09-29 04:55:24,147 - ERROR - Не удалось запустить службу
2025-09-29 04:55:24,147 - INFO - Остановка ScreenshotService
2025-09-29 04:55:24,147 - INFO - ScreenshotService остановлен
2025-09-29 04:55:24,147 - INFO - === Служба завершена ===
2025-09-29 04:57:32,320 - INFO - Логирование настроено успешно
2025-09-29 04:57:32,321 - INFO - === Запуск Screenshot Service ===
2025-09-29 04:57:32,321 - INFO - Инициализация ScreenshotService...
2025-09-29 04:57:32,702 - ERROR - Ошибка запуска службы: name 'config_path' is not defined
2025-09-29 04:57:32,704 - ERROR - Traceback (most recent call last):
  File "X:\works_project\screenshoter\main.py", line 46, in start
    self.scheduler = ScreenshotScheduler()
                     ^^^^^^^^^^^^^^^^^^^^^
  File "X:\works_project\screenshoter\task_scheduler.py", line 42, in __init__
    self.config_manager = ConfigManager(config_path)
                                        ^^^^^^^^^^^
NameError: name 'config_path' is not defined

2025-09-29 04:57:32,704 - ERROR - Не удалось запустить службу
2025-09-29 04:57:32,704 - INFO - Остановка ScreenshotService
2025-09-29 04:57:32,704 - INFO - ScreenshotService остановлен
2025-09-29 04:57:32,704 - INFO - === Служба завершена ===
2025-09-29 04:59:40,884 - INFO - Логирование настроено успешно
2025-09-29 04:59:40,884 - INFO - === Запуск Screenshot Service ===
2025-09-29 04:59:40,884 - INFO - Инициализация ScreenshotService...
2025-09-29 04:59:41,264 - ERROR - Ошибка запуска службы: name 'config_path' is not defined
2025-09-29 04:59:41,265 - ERROR - Traceback (most recent call last):
  File "X:\works_project\screenshoter\main.py", line 46, in start
    self.scheduler = ScreenshotScheduler()
                     ^^^^^^^^^^^^^^^^^^^^^
  File "X:\works_project\screenshoter\task_scheduler.py", line 42, in __init__
    self.config_manager = ConfigManager(config_path)
                                        ^^^^^^^^^^^
NameError: name 'config_path' is not defined

2025-09-29 04:59:41,265 - ERROR - Не удалось запустить службу
2025-09-29 04:59:41,266 - INFO - Остановка ScreenshotService
2025-09-29 04:59:41,266 - INFO - ScreenshotService остановлен
2025-09-29 04:59:41,266 - INFO - === Служба завершена ===
2025-09-29 05:01:49,432 - INFO - Логирование настроено успешно
2025-09-29 05:01:49,433 - INFO - === Запуск Screenshot Service ===
2025-09-29 05:01:49,433 - INFO - Инициализация ScreenshotService...
2025-09-29 05:01:49,805 - ERROR - Ошибка запуска службы: name 'config_path' is not defined
2025-09-29 05:01:49,807 - ERROR - Traceback (most recent call last):
  File "X:\works_project\screenshoter\main.py", line 46, in start
    self.scheduler = ScreenshotScheduler()
                     ^^^^^^^^^^^^^^^^^^^^^
  File "X:\works_project\screenshoter\task_scheduler.py", line 42, in __init__
    self.config_manager = ConfigManager(config_path)
                                        ^^^^^^^^^^^
NameError: name 'config_path' is not defined

2025-09-29 05:01:49,807 - ERROR - Не удалось запустить службу
2025-09-29 05:01:49,807 - INFO - Остановка ScreenshotService
2025-09-29 05:01:49,807 - INFO - ScreenshotService остановлен
2025-09-29 05:01:49,807 - INFO - === Служба завершена ===
2025-09-29 05:03:57,984 - INFO - Логирование настроено успешно
2025-09-29 05:03:57,984 - INFO - === Запуск Screenshot Service ===
2025-09-29 05:03:57,984 - INFO - Инициализация ScreenshotService...
2025-09-29 05:03:58,349 - ERROR - Ошибка запуска службы: name 'config_path' is not defined
2025-09-29 05:03:58,350 - ERROR - Traceback (most recent call last):
  File "X:\works_project\screenshoter\main.py", line 46, in start
    self.scheduler = ScreenshotScheduler()
                     ^^^^^^^^^^^^^^^^^^^^^
  File "X:\works_project\screenshoter\task_scheduler.py", line 42, in __init__
    self.config_manager = ConfigManager(config_path)
                                        ^^^^^^^^^^^
NameError: name 'config_path' is not defined

2025-09-29 05:03:58,350 - ERROR - Не удалось запустить службу
2025-09-29 05:03:58,350 - INFO - Остановка ScreenshotService
2025-09-29 05:03:58,350 - INFO - ScreenshotService остановлен
2025-09-29 05:03:58,351 - INFO - === Служба завершена ===
2025-09-29 05:06:06,495 - INFO - Логирование настроено успешно
2025-09-29 05:06:06,495 - INFO - === Запуск Screenshot Service ===
2025-09-29 05:06:06,495 - INFO - Инициализация ScreenshotService...
2025-09-29 05:06:06,858 - ERROR - Ошибка запуска службы: name 'config_path' is not defined
2025-09-29 05:06:06,860 - ERROR - Traceback (most recent call last):
  File "X:\works_project\screenshoter\main.py", line 46, in start
    self.scheduler = ScreenshotScheduler()
                     ^^^^^^^^^^^^^^^^^^^^^
  File "X:\works_project\screenshoter\task_scheduler.py", line 42, in __init__
    self.config_manager = ConfigManager(config_path)
                                        ^^^^^^^^^^^
NameError: name 'config_path' is not defined

2025-09-29 05:06:06,861 - ERROR - Не удалось запустить службу
2025-09-29 05:06:06,861 - INFO - Остановка ScreenshotService
2025-09-29 05:06:06,861 - INFO - ScreenshotService остановлен
2025-09-29 05:06:06,861 - INFO - === Служба завершена ===
2025-09-29 05:08:15,019 - INFO - Логирование настроено успешно
2025-09-29 05:08:15,019 - INFO - === Запуск Screenshot Service ===
2025-09-29 05:08:15,019 - INFO - Инициализация ScreenshotService...
2025-09-29 05:08:15,399 - ERROR - Ошибка запуска службы: name 'config_path' is not defined
2025-09-29 05:08:15,400 - ERROR - Traceback (most recent call last):
  File "X:\works_project\screenshoter\main.py", line 46, in start
    self.scheduler = ScreenshotScheduler()
                     ^^^^^^^^^^^^^^^^^^^^^
  File "X:\works_project\screenshoter\task_scheduler.py", line 42, in __init__
    self.config_manager = ConfigManager(config_path)
                                        ^^^^^^^^^^^
NameError: name 'config_path' is not defined

2025-09-29 05:08:15,400 - ERROR - Не удалось запустить службу
2025-09-29 05:08:15,400 - INFO - Остановка ScreenshotService
2025-09-29 05:08:15,400 - INFO - ScreenshotService остановлен
2025-09-29 05:08:15,400 - INFO - === Служба завершена ===
2025-09-29 05:10:23,570 - INFO - Логирование настроено успешно
2025-09-29 05:10:23,571 - INFO - === Запуск Screenshot Service ===
2025-09-29 05:10:23,571 - INFO - Инициализация ScreenshotService...
2025-09-29 05:10:23,929 - ERROR - Ошибка запуска службы: name 'config_path' is not defined
2025-09-29 05:10:23,930 - ERROR - Traceback (most recent call last):
  File "X:\works_project\screenshoter\main.py", line 46, in start
    self.scheduler = ScreenshotScheduler()
                     ^^^^^^^^^^^^^^^^^^^^^
  File "X:\works_project\screenshoter\task_scheduler.py", line 42, in __init__
    self.config_manager = ConfigManager(config_path)
                                        ^^^^^^^^^^^
NameError: name 'config_path' is not defined

2025-09-29 05:10:23,930 - ERROR - Не удалось запустить службу
2025-09-29 05:10:23,930 - INFO - Остановка ScreenshotService
2025-09-29 05:10:23,930 - INFO - ScreenshotService остановлен
2025-09-29 05:10:23,930 - INFO - === Служба завершена ===
2025-09-29 05:12:32,091 - INFO - Логирование настроено успешно
2025-09-29 05:12:32,091 - INFO - === Запуск Screenshot Service ===
2025-09-29 05:12:32,091 - INFO - Инициализация ScreenshotService...
2025-09-29 05:12:32,459 - ERROR - Ошибка запуска службы: name 'config_path' is not defined
2025-09-29 05:12:32,460 - ERROR - Traceback (most recent call last):
  File "X:\works_project\screenshoter\main.py", line 46, in start
    self.scheduler = ScreenshotScheduler()
                     ^^^^^^^^^^^^^^^^^^^^^
  File "X:\works_project\screenshoter\task_scheduler.py", line 42, in __init__
    self.config_manager = ConfigManager(config_path)
                                        ^^^^^^^^^^^
NameError: name 'config_path' is not defined

2025-09-29 05:12:32,460 - ERROR - Не удалось запустить службу
2025-09-29 05:12:32,460 - INFO - Остановка ScreenshotService
2025-09-29 05:12:32,460 - INFO - ScreenshotService остановлен
2025-09-29 05:12:32,460 - INFO - === Служба завершена ===
2025-09-29 05:14:40,611 - INFO - Логирование настроено успешно
2025-09-29 05:14:40,611 - INFO - === Запуск Screenshot Service ===
2025-09-29 05:14:40,611 - INFO - Инициализация ScreenshotService...
2025-09-29 05:14:40,989 - ERROR - Ошибка запуска службы: name 'config_path' is not defined
2025-09-29 05:14:40,989 - ERROR - Traceback (most recent call last):
  File "X:\works_project\screenshoter\main.py", line 46, in start
    self.scheduler = ScreenshotScheduler()
                     ^^^^^^^^^^^^^^^^^^^^^
  File "X:\works_project\screenshoter\task_scheduler.py", line 42, in __init__
    self.config_manager = ConfigManager(config_path)
                                        ^^^^^^^^^^^
NameError: name 'config_path' is not defined

2025-09-29 05:14:40,990 - ERROR - Не удалось запустить службу
2025-09-29 05:14:40,990 - INFO - Остановка ScreenshotService
2025-09-29 05:14:40,990 - INFO - ScreenshotService остановлен
2025-09-29 05:14:40,990 - INFO - === Служба завершена ===
2025-09-29 05:16:49,169 - INFO - Логирование настроено успешно
2025-09-29 05:16:49,170 - INFO - === Запуск Screenshot Service ===
2025-09-29 05:16:49,170 - INFO - Инициализация ScreenshotService...
2025-09-29 05:16:49,547 - ERROR - Ошибка запуска службы: name 'config_path' is not defined
2025-09-29 05:16:49,547 - ERROR - Traceback (most recent call last):
  File "X:\works_project\screenshoter\main.py", line 46, in start
    self.scheduler = ScreenshotScheduler()
                     ^^^^^^^^^^^^^^^^^^^^^
  File "X:\works_project\screenshoter\task_scheduler.py", line 42, in __init__
    self.config_manager = ConfigManager(config_path)
                                        ^^^^^^^^^^^
NameError: name 'config_path' is not defined

2025-09-29 05:16:49,548 - ERROR - Не удалось запустить службу
2025-09-29 05:16:49,548 - INFO - Остановка ScreenshotService
2025-09-29 05:16:49,548 - INFO - ScreenshotService остановлен
2025-09-29 05:16:49,548 - INFO - === Служба завершена ===
2025-09-29 05:18:57,701 - INFO - Логирование настроено успешно
2025-09-29 05:18:57,702 - INFO - === Запуск Screenshot Service ===
2025-09-29 05:18:57,702 - INFO - Инициализация ScreenshotService...
2025-09-29 05:18:58,057 - ERROR - Ошибка запуска службы: name 'config_path' is not defined
2025-09-29 05:18:58,057 - ERROR - Traceback (most recent call last):
  File "X:\works_project\screenshoter\main.py", line 46, in start
    self.scheduler = ScreenshotScheduler()
                     ^^^^^^^^^^^^^^^^^^^^^
  File "X:\works_project\screenshoter\task_scheduler.py", line 42, in __init__
    self.config_manager = ConfigManager(config_path)
                                        ^^^^^^^^^^^
NameError: name 'config_path' is not defined

2025-09-29 05:18:58,057 - ERROR - Не удалось запустить службу
2025-09-29 05:18:58,059 - INFO - Остановка ScreenshotService
2025-09-29 05:18:58,059 - INFO - ScreenshotService остановлен
2025-09-29 05:18:58,059 - INFO - === Служба завершена ===
2025-09-29 05:21:06,222 - INFO - Логирование настроено успешно
2025-09-29 05:21:06,222 - INFO - === Запуск Screenshot Service ===
2025-09-29 05:21:06,222 - INFO - Инициализация ScreenshotService...
2025-09-29 05:21:06,592 - ERROR - Ошибка запуска службы: name 'config_path' is not defined
2025-09-29 05:21:06,593 - ERROR - Traceback (most recent call last):
  File "X:\works_project\screenshoter\main.py", line 46, in start
    self.scheduler = ScreenshotScheduler()
                     ^^^^^^^^^^^^^^^^^^^^^
  File "X:\works_project\screenshoter\task_scheduler.py", line 42, in __init__
    self.config_manager = ConfigManager(config_path)
                                        ^^^^^^^^^^^
NameError: name 'config_path' is not defined

2025-09-29 05:21:06,593 - ERROR - Не удалось запустить службу
2025-09-29 05:21:06,593 - INFO - Остановка ScreenshotService
2025-09-29 05:21:06,593 - INFO - ScreenshotService остановлен
2025-09-29 05:21:06,594 - INFO - === Служба завершена ===
2025-09-29 05:23:14,771 - INFO - Логирование настроено успешно
2025-09-29 05:23:14,771 - INFO - === Запуск Screenshot Service ===
2025-09-29 05:23:14,771 - INFO - Инициализация ScreenshotService...
2025-09-29 05:23:15,154 - ERROR - Ошибка запуска службы: name 'config_path' is not defined
2025-09-29 05:23:15,155 - ERROR - Traceback (most recent call last):
  File "X:\works_project\screenshoter\main.py", line 46, in start
    self.scheduler = ScreenshotScheduler()
                     ^^^^^^^^^^^^^^^^^^^^^
  File "X:\works_project\screenshoter\task_scheduler.py", line 42, in __init__
    self.config_manager = ConfigManager(config_path)
                                        ^^^^^^^^^^^
NameError: name 'config_path' is not defined

2025-09-29 05:23:15,155 - ERROR - Не удалось запустить службу
2025-09-29 05:23:15,155 - INFO - Остановка ScreenshotService
2025-09-29 05:23:15,155 - INFO - ScreenshotService остановлен
2025-09-29 05:23:15,155 - INFO - === Служба завершена ===
2025-09-29 05:25:23,339 - INFO - Логирование настроено успешно
2025-09-29 05:25:23,340 - INFO - === Запуск Screenshot Service ===
2025-09-29 05:25:23,340 - INFO - Инициализация ScreenshotService...
2025-09-29 05:25:23,702 - ERROR - Ошибка запуска службы: name 'config_path' is not defined
2025-09-29 05:25:23,703 - ERROR - Traceback (most recent call last):
  File "X:\works_project\screenshoter\main.py", line 46, in start
    self.scheduler = ScreenshotScheduler()
                     ^^^^^^^^^^^^^^^^^^^^^
  File "X:\works_project\screenshoter\task_scheduler.py", line 42, in __init__
    self.config_manager = ConfigManager(config_path)
                                        ^^^^^^^^^^^
NameError: name 'config_path' is not defined

2025-09-29 05:25:23,703 - ERROR - Не удалось запустить службу
2025-09-29 05:25:23,703 - INFO - Остановка ScreenshotService
2025-09-29 05:25:23,703 - INFO - ScreenshotService остановлен
2025-09-29 05:25:23,703 - INFO - === Служба завершена ===
2025-09-29 05:27:31,894 - INFO - Логирование настроено успешно
2025-09-29 05:27:31,894 - INFO - === Запуск Screenshot Service ===
2025-09-29 05:27:31,894 - INFO - Инициализация ScreenshotService...
2025-09-29 05:27:32,302 - ERROR - Ошибка запуска службы: name 'config_path' is not defined
2025-09-29 05:27:32,303 - ERROR - Traceback (most recent call last):
  File "X:\works_project\screenshoter\main.py", line 46, in start
    self.scheduler = ScreenshotScheduler()
                     ^^^^^^^^^^^^^^^^^^^^^
  File "X:\works_project\screenshoter\task_scheduler.py", line 42, in __init__
    self.config_manager = ConfigManager(config_path)
                                        ^^^^^^^^^^^
NameError: name 'config_path' is not defined

2025-09-29 05:27:32,303 - ERROR - Не удалось запустить службу
2025-09-29 05:27:32,303 - INFO - Остановка ScreenshotService
2025-09-29 05:27:32,303 - INFO - ScreenshotService остановлен
2025-09-29 05:27:32,303 - INFO - === Служба завершена ===
2025-09-29 05:29:40,487 - INFO - Логирование настроено успешно
2025-09-29 05:29:40,488 - INFO - === Запуск Screenshot Service ===
2025-09-29 05:29:40,488 - INFO - Инициализация ScreenshotService...
2025-09-29 05:29:40,876 - ERROR - Ошибка запуска службы: name 'config_path' is not defined
2025-09-29 05:29:40,878 - ERROR - Traceback (most recent call last):
  File "X:\works_project\screenshoter\main.py", line 46, in start
    self.scheduler = ScreenshotScheduler()
                     ^^^^^^^^^^^^^^^^^^^^^
  File "X:\works_project\screenshoter\task_scheduler.py", line 42, in __init__
    self.config_manager = ConfigManager(config_path)
                                        ^^^^^^^^^^^
NameError: name 'config_path' is not defined

2025-09-29 05:29:40,878 - ERROR - Не удалось запустить службу
2025-09-29 05:29:40,878 - INFO - Остановка ScreenshotService
2025-09-29 05:29:40,878 - INFO - ScreenshotService остановлен
2025-09-29 05:29:40,878 - INFO - === Служба завершена ===
2025-09-29 05:31:49,046 - INFO - Логирование настроено успешно
2025-09-29 05:31:49,046 - INFO - === Запуск Screenshot Service ===
2025-09-29 05:31:49,046 - INFO - Инициализация ScreenshotService...
2025-09-29 05:31:49,424 - ERROR - Ошибка запуска службы: name 'config_path' is not defined
2025-09-29 05:31:49,425 - ERROR - Traceback (most recent call last):
  File "X:\works_project\screenshoter\main.py", line 46, in start
    self.scheduler = ScreenshotScheduler()
                     ^^^^^^^^^^^^^^^^^^^^^
  File "X:\works_project\screenshoter\task_scheduler.py", line 42, in __init__
    self.config_manager = ConfigManager(config_path)
                                        ^^^^^^^^^^^
NameError: name 'config_path' is not defined

2025-09-29 05:31:49,425 - ERROR - Не удалось запустить службу
2025-09-29 05:31:49,425 - INFO - Остановка ScreenshotService
2025-09-29 05:31:49,425 - INFO - ScreenshotService остановлен
2025-09-29 05:31:49,425 - INFO - === Служба завершена ===
2025-09-29 05:33:57,593 - INFO - Логирование настроено успешно
2025-09-29 05:33:57,593 - INFO - === Запуск Screenshot Service ===
2025-09-29 05:33:57,593 - INFO - Инициализация ScreenshotService...
2025-09-29 05:33:57,971 - ERROR - Ошибка запуска службы: name 'config_path' is not defined
2025-09-29 05:33:57,972 - ERROR - Traceback (most recent call last):
  File "X:\works_project\screenshoter\main.py", line 46, in start
    self.scheduler = ScreenshotScheduler()
                     ^^^^^^^^^^^^^^^^^^^^^
  File "X:\works_project\screenshoter\task_scheduler.py", line 42, in __init__
    self.config_manager = ConfigManager(config_path)
                                        ^^^^^^^^^^^
NameError: name 'config_path' is not defined

2025-09-29 05:33:57,972 - ERROR - Не удалось запустить службу
2025-09-29 05:33:57,972 - INFO - Остановка ScreenshotService
2025-09-29 05:33:57,972 - INFO - ScreenshotService остановлен
2025-09-29 05:33:57,972 - INFO - === Служба завершена ===
2025-09-29 05:36:06,120 - INFO - Логирование настроено успешно
2025-09-29 05:36:06,120 - INFO - === Запуск Screenshot Service ===
2025-09-29 05:36:06,120 - INFO - Инициализация ScreenshotService...
2025-09-29 05:36:06,405 - ERROR - Ошибка запуска службы: name 'config_path' is not defined
2025-09-29 05:36:06,406 - ERROR - Traceback (most recent call last):
  File "X:\works_project\screenshoter\main.py", line 46, in start
    self.scheduler = ScreenshotScheduler()
                     ^^^^^^^^^^^^^^^^^^^^^
  File "X:\works_project\screenshoter\task_scheduler.py", line 42, in __init__
    self.config_manager = ConfigManager(config_path)
                                        ^^^^^^^^^^^
NameError: name 'config_path' is not defined

2025-09-29 05:36:06,406 - ERROR - Не удалось запустить службу
2025-09-29 05:36:06,406 - INFO - Остановка ScreenshotService
2025-09-29 05:36:06,406 - INFO - ScreenshotService остановлен
2025-09-29 05:36:06,406 - INFO - === Служба завершена ===
2025-09-29 05:38:14,537 - INFO - Логирование настроено успешно
2025-09-29 05:38:14,537 - INFO - === Запуск Screenshot Service ===
2025-09-29 05:38:14,537 - INFO - Инициализация ScreenshotService...
2025-09-29 05:38:14,809 - ERROR - Ошибка запуска службы: name 'config_path' is not defined
2025-09-29 05:38:14,809 - ERROR - Traceback (most recent call last):
  File "X:\works_project\screenshoter\main.py", line 46, in start
    self.scheduler = ScreenshotScheduler()
                     ^^^^^^^^^^^^^^^^^^^^^
  File "X:\works_project\screenshoter\task_scheduler.py", line 42, in __init__
    self.config_manager = ConfigManager(config_path)
                                        ^^^^^^^^^^^
NameError: name 'config_path' is not defined

2025-09-29 05:38:14,810 - ERROR - Не удалось запустить службу
2025-09-29 05:38:14,810 - INFO - Остановка ScreenshotService
2025-09-29 05:38:14,810 - INFO - ScreenshotService остановлен
2025-09-29 05:38:14,810 - INFO - === Служба завершена ===
2025-09-29 05:40:22,926 - INFO - Логирование настроено успешно
2025-09-29 05:40:22,926 - INFO - === Запуск Screenshot Service ===
2025-09-29 05:40:22,926 - INFO - Инициализация ScreenshotService...
2025-09-29 05:40:23,206 - ERROR - Ошибка запуска службы: name 'config_path' is not defined
2025-09-29 05:40:23,207 - ERROR - Traceback (most recent call last):
  File "X:\works_project\screenshoter\main.py", line 46, in start
    self.scheduler = ScreenshotScheduler()
                     ^^^^^^^^^^^^^^^^^^^^^
  File "X:\works_project\screenshoter\task_scheduler.py", line 42, in __init__
    self.config_manager = ConfigManager(config_path)
                                        ^^^^^^^^^^^
NameError: name 'config_path' is not defined

2025-09-29 05:40:23,207 - ERROR - Не удалось запустить службу
2025-09-29 05:40:23,207 - INFO - Остановка ScreenshotService
2025-09-29 05:40:23,207 - INFO - ScreenshotService остановлен
2025-09-29 05:40:23,207 - INFO - === Служба завершена ===
2025-09-29 12:51:03,878 - INFO - Логирование настроено успешно
2025-09-29 12:51:03,878 - INFO - === Запуск Screenshot Service ===
2025-09-29 12:51:03,878 - INFO - Инициализация ScreenshotService...
2025-09-29 12:51:04,193 - ERROR - Ошибка запуска службы: name 'config_path' is not defined
2025-09-29 12:51:04,193 - ERROR - Traceback (most recent call last):
  File "X:\works_project\screenshoter\main.py", line 46, in start
    self.scheduler = ScreenshotScheduler()
                     ^^^^^^^^^^^^^^^^^^^^^
  File "X:\works_project\screenshoter\task_scheduler.py", line 42, in __init__
    self.config_manager = ConfigManager(config_path)
                                        ^^^^^^^^^^^
NameError: name 'config_path' is not defined

2025-09-29 12:51:04,193 - ERROR - Не удалось запустить службу
2025-09-29 12:51:04,194 - INFO - Остановка ScreenshotService
2025-09-29 12:51:04,194 - INFO - ScreenshotService остановлен
2025-09-29 12:51:04,194 - INFO - === Служба завершена ===
2025-09-29 12:53:12,319 - INFO - Логирование настроено успешно
2025-09-29 12:53:12,320 - INFO - === Запуск Screenshot Service ===
2025-09-29 12:53:12,320 - INFO - Инициализация ScreenshotService...
2025-09-29 12:53:12,597 - ERROR - Ошибка запуска службы: name 'config_path' is not defined
2025-09-29 12:53:12,598 - ERROR - Traceback (most recent call last):
  File "X:\works_project\screenshoter\main.py", line 46, in start
    self.scheduler = ScreenshotScheduler()
                     ^^^^^^^^^^^^^^^^^^^^^
  File "X:\works_project\screenshoter\task_scheduler.py", line 42, in __init__
    self.config_manager = ConfigManager(config_path)
                                        ^^^^^^^^^^^
NameError: name 'config_path' is not defined

2025-09-29 12:53:12,598 - ERROR - Не удалось запустить службу
2025-09-29 12:53:12,598 - INFO - Остановка ScreenshotService
2025-09-29 12:53:12,598 - INFO - ScreenshotService остановлен
2025-09-29 12:53:12,598 - INFO - === Служба завершена ===
2025-09-29 18:23:29,053 - INFO - Логирование настроено успешно
2025-09-29 18:23:29,053 - INFO - === Запуск Screenshot Service ===
2025-09-29 18:23:29,053 - INFO - Инициализация ScreenshotService...
2025-09-29 18:23:29,383 - ERROR - Ошибка запуска службы: name 'config_path' is not defined
2025-09-29 18:23:29,385 - ERROR - Traceback (most recent call last):
  File "X:\works_project\screenshoter\main.py", line 46, in start
    self.scheduler = ScreenshotScheduler()
                     ^^^^^^^^^^^^^^^^^^^^^
  File "X:\works_project\screenshoter\task_scheduler.py", line 42, in __init__
    self.config_manager = ConfigManager(config_path)
                                        ^^^^^^^^^^^
NameError: name 'config_path' is not defined

2025-09-29 18:23:29,385 - ERROR - Не удалось запустить службу
2025-09-29 18:23:29,385 - INFO - Остановка ScreenshotService
2025-09-29 18:23:29,385 - INFO - ScreenshotService остановлен
2025-09-29 18:23:29,385 - INFO - === Служба завершена ===
2025-09-29 18:25:37,516 - INFO - Логирование настроено успешно
2025-09-29 18:25:37,516 - INFO - === Запуск Screenshot Service ===
2025-09-29 18:25:37,516 - INFO - Инициализация ScreenshotService...
2025-09-29 18:25:37,800 - ERROR - Ошибка запуска службы: name 'config_path' is not defined
2025-09-29 18:25:37,800 - ERROR - Traceback (most recent call last):
  File "X:\works_project\screenshoter\main.py", line 46, in start
    self.scheduler = ScreenshotScheduler()
                     ^^^^^^^^^^^^^^^^^^^^^
  File "X:\works_project\screenshoter\task_scheduler.py", line 42, in __init__
    self.config_manager = ConfigManager(config_path)
                                        ^^^^^^^^^^^
NameError: name 'config_path' is not defined

2025-09-29 18:25:37,801 - ERROR - Не удалось запустить службу
2025-09-29 18:25:37,801 - INFO - Остановка ScreenshotService
2025-09-29 18:25:37,801 - INFO - ScreenshotService остановлен
2025-09-29 18:25:37,801 - INFO - === Служба завершена ===
2025-09-29 18:27:45,936 - INFO - Логирование настроено успешно
2025-09-29 18:27:45,937 - INFO - === Запуск Screenshot Service ===
2025-09-29 18:27:45,937 - INFO - Инициализация ScreenshotService...
2025-09-29 18:27:46,232 - ERROR - Ошибка запуска службы: name 'config_path' is not defined
2025-09-29 18:27:46,234 - ERROR - Traceback (most recent call last):
  File "X:\works_project\screenshoter\main.py", line 46, in start
    self.scheduler = ScreenshotScheduler()
                     ^^^^^^^^^^^^^^^^^^^^^
  File "X:\works_project\screenshoter\task_scheduler.py", line 42, in __init__
    self.config_manager = ConfigManager(config_path)
                                        ^^^^^^^^^^^
NameError: name 'config_path' is not defined

2025-09-29 18:27:46,234 - ERROR - Не удалось запустить службу
2025-09-29 18:27:46,234 - INFO - Остановка ScreenshotService
2025-09-29 18:27:46,234 - INFO - ScreenshotService остановлен
2025-09-29 18:27:46,234 - INFO - === Служба завершена ===
2025-09-29 18:29:54,357 - INFO - Логирование настроено успешно
2025-09-29 18:29:54,358 - INFO - === Запуск Screenshot Service ===
2025-09-29 18:29:54,358 - INFO - Инициализация ScreenshotService...
2025-09-29 18:29:54,657 - ERROR - Ошибка запуска службы: name 'config_path' is not defined
2025-09-29 18:29:54,658 - ERROR - Traceback (most recent call last):
  File "X:\works_project\screenshoter\main.py", line 46, in start
    self.scheduler = ScreenshotScheduler()
                     ^^^^^^^^^^^^^^^^^^^^^
  File "X:\works_project\screenshoter\task_scheduler.py", line 42, in __init__
    self.config_manager = ConfigManager(config_path)
                                        ^^^^^^^^^^^
NameError: name 'config_path' is not defined

2025-09-29 18:29:54,658 - ERROR - Не удалось запустить службу
2025-09-29 18:29:54,658 - INFO - Остановка ScreenshotService
2025-09-29 18:29:54,658 - INFO - ScreenshotService остановлен
2025-09-29 18:29:54,658 - INFO - === Служба завершена ===
2025-09-29 18:32:02,815 - INFO - Логирование настроено успешно
2025-09-29 18:32:02,816 - INFO - === Запуск Screenshot Service ===
2025-09-29 18:32:02,816 - INFO - Инициализация ScreenshotService...
2025-09-29 18:32:03,200 - ERROR - Ошибка запуска службы: name 'config_path' is not defined
2025-09-29 18:32:03,201 - ERROR - Traceback (most recent call last):
  File "X:\works_project\screenshoter\main.py", line 46, in start
    self.scheduler = ScreenshotScheduler()
                     ^^^^^^^^^^^^^^^^^^^^^
  File "X:\works_project\screenshoter\task_scheduler.py", line 42, in __init__
    self.config_manager = ConfigManager(config_path)
                                        ^^^^^^^^^^^
NameError: name 'config_path' is not defined

2025-09-29 18:32:03,201 - ERROR - Не удалось запустить службу
2025-09-29 18:32:03,201 - INFO - Остановка ScreenshotService
2025-09-29 18:32:03,201 - INFO - ScreenshotService остановлен
2025-09-29 18:32:03,201 - INFO - === Служба завершена ===
2025-09-29 18:34:11,336 - INFO - Логирование настроено успешно
2025-09-29 18:34:11,336 - INFO - === Запуск Screenshot Service ===
2025-09-29 18:34:11,336 - INFO - Инициализация ScreenshotService...
2025-09-29 18:34:11,608 - ERROR - Ошибка запуска службы: name 'config_path' is not defined
2025-09-29 18:34:11,609 - ERROR - Traceback (most recent call last):
  File "X:\works_project\screenshoter\main.py", line 46, in start
    self.scheduler = ScreenshotScheduler()
                     ^^^^^^^^^^^^^^^^^^^^^
  File "X:\works_project\screenshoter\task_scheduler.py", line 42, in __init__
    self.config_manager = ConfigManager(config_path)
                                        ^^^^^^^^^^^
NameError: name 'config_path' is not defined

2025-09-29 18:34:11,609 - ERROR - Не удалось запустить службу
2025-09-29 18:34:11,609 - INFO - Остановка ScreenshotService
2025-09-29 18:34:11,609 - INFO - ScreenshotService остановлен
2025-09-29 18:34:11,609 - INFO - === Служба завершена ===
2025-09-29 18:36:19,762 - INFO - Логирование настроено успешно
2025-09-29 18:36:19,762 - INFO - === Запуск Screenshot Service ===
2025-09-29 18:36:19,763 - INFO - Инициализация ScreenshotService...
2025-09-29 18:36:20,055 - ERROR - Ошибка запуска службы: name 'config_path' is not defined
2025-09-29 18:36:20,056 - ERROR - Traceback (most recent call last):
  File "X:\works_project\screenshoter\main.py", line 46, in start
    self.scheduler = ScreenshotScheduler()
                     ^^^^^^^^^^^^^^^^^^^^^
  File "X:\works_project\screenshoter\task_scheduler.py", line 42, in __init__
    self.config_manager = ConfigManager(config_path)
                                        ^^^^^^^^^^^
NameError: name 'config_path' is not defined

2025-09-29 18:36:20,056 - ERROR - Не удалось запустить службу
2025-09-29 18:36:20,056 - INFO - Остановка ScreenshotService
2025-09-29 18:36:20,056 - INFO - ScreenshotService остановлен
2025-09-29 18:36:20,056 - INFO - === Служба завершена ===
2025-09-29 18:38:28,231 - INFO - Логирование настроено успешно
2025-09-29 18:38:28,233 - INFO - === Запуск Screenshot Service ===
2025-09-29 18:38:28,233 - INFO - Инициализация ScreenshotService...
2025-09-29 18:38:28,597 - ERROR - Ошибка запуска службы: name 'config_path' is not defined
2025-09-29 18:38:28,598 - ERROR - Traceback (most recent call last):
  File "X:\works_project\screenshoter\main.py", line 46, in start
    self.scheduler = ScreenshotScheduler()
                     ^^^^^^^^^^^^^^^^^^^^^
  File "X:\works_project\screenshoter\task_scheduler.py", line 42, in __init__
    self.config_manager = ConfigManager(config_path)
                                        ^^^^^^^^^^^
NameError: name 'config_path' is not defined

2025-09-29 18:38:28,598 - ERROR - Не удалось запустить службу
2025-09-29 18:38:28,598 - INFO - Остановка ScreenshotService
2025-09-29 18:38:28,598 - INFO - ScreenshotService остановлен
2025-09-29 18:38:28,598 - INFO - === Служба завершена ===
2025-09-29 18:40:36,880 - INFO - Логирование настроено успешно
2025-09-29 18:40:36,881 - INFO - === Запуск Screenshot Service ===
2025-09-29 18:40:36,881 - INFO - Инициализация ScreenshotService...
2025-09-29 18:40:37,540 - ERROR - Ошибка запуска службы: name 'config_path' is not defined
2025-09-29 18:40:37,552 - ERROR - Traceback (most recent call last):
  File "X:\works_project\screenshoter\main.py", line 46, in start
    self.scheduler = ScreenshotScheduler()
                     ^^^^^^^^^^^^^^^^^^^^^
  File "X:\works_project\screenshoter\task_scheduler.py", line 42, in __init__
    self.config_manager = ConfigManager(config_path)
                                        ^^^^^^^^^^^
NameError: name 'config_path' is not defined

2025-09-29 18:40:37,552 - ERROR - Не удалось запустить службу
2025-09-29 18:40:37,552 - INFO - Остановка ScreenshotService
2025-09-29 18:40:37,552 - INFO - ScreenshotService остановлен
2025-09-29 18:40:37,552 - INFO - === Служба завершена ===
2025-09-29 18:42:45,726 - INFO - Логирование настроено успешно
2025-09-29 18:42:45,726 - INFO - === Запуск Screenshot Service ===
2025-09-29 18:42:45,726 - INFO - Инициализация ScreenshotService...
2025-09-29 18:42:46,028 - ERROR - Ошибка запуска службы: name 'config_path' is not defined
2025-09-29 18:42:46,028 - ERROR - Traceback (most recent call last):
  File "X:\works_project\screenshoter\main.py", line 46, in start
    self.scheduler = ScreenshotScheduler()
                     ^^^^^^^^^^^^^^^^^^^^^
  File "X:\works_project\screenshoter\task_scheduler.py", line 42, in __init__
    self.config_manager = ConfigManager(config_path)
                                        ^^^^^^^^^^^
NameError: name 'config_path' is not defined

2025-09-29 18:42:46,029 - ERROR - Не удалось запустить службу
2025-09-29 18:42:46,029 - INFO - Остановка ScreenshotService
2025-09-29 18:42:46,029 - INFO - ScreenshotService остановлен
2025-09-29 18:42:46,029 - INFO - === Служба завершена ===
2025-09-29 18:44:54,162 - INFO - Логирование настроено успешно
2025-09-29 18:44:54,162 - INFO - === Запуск Screenshot Service ===
2025-09-29 18:44:54,162 - INFO - Инициализация ScreenshotService...
2025-09-29 18:44:54,432 - ERROR - Ошибка запуска службы: name 'config_path' is not defined
2025-09-29 18:44:54,432 - ERROR - Traceback (most recent call last):
  File "X:\works_project\screenshoter\main.py", line 46, in start
    self.scheduler = ScreenshotScheduler()
                     ^^^^^^^^^^^^^^^^^^^^^
  File "X:\works_project\screenshoter\task_scheduler.py", line 42, in __init__
    self.config_manager = ConfigManager(config_path)
                                        ^^^^^^^^^^^
NameError: name 'config_path' is not defined

2025-09-29 18:44:54,433 - ERROR - Не удалось запустить службу
2025-09-29 18:44:54,433 - INFO - Остановка ScreenshotService
2025-09-29 18:44:54,433 - INFO - ScreenshotService остановлен
2025-09-29 18:44:54,433 - INFO - === Служба завершена ===
2025-09-29 18:47:02,563 - INFO - Логирование настроено успешно
2025-09-29 18:47:02,564 - INFO - === Запуск Screenshot Service ===
2025-09-29 18:47:02,564 - INFO - Инициализация ScreenshotService...
2025-09-29 18:47:02,845 - ERROR - Ошибка запуска службы: name 'config_path' is not defined
2025-09-29 18:47:02,846 - ERROR - Traceback (most recent call last):
  File "X:\works_project\screenshoter\main.py", line 46, in start
    self.scheduler = ScreenshotScheduler()
                     ^^^^^^^^^^^^^^^^^^^^^
  File "X:\works_project\screenshoter\task_scheduler.py", line 42, in __init__
    self.config_manager = ConfigManager(config_path)
                                        ^^^^^^^^^^^
NameError: name 'config_path' is not defined

2025-09-29 18:47:02,846 - ERROR - Не удалось запустить службу
2025-09-29 18:47:02,847 - INFO - Остановка ScreenshotService
2025-09-29 18:47:02,847 - INFO - ScreenshotService остановлен
2025-09-29 18:47:02,847 - INFO - === Служба завершена ===
2025-09-29 18:49:10,967 - INFO - Логирование настроено успешно
2025-09-29 18:49:10,968 - INFO - === Запуск Screenshot Service ===
2025-09-29 18:49:10,968 - INFO - Инициализация ScreenshotService...
2025-09-29 18:49:11,241 - ERROR - Ошибка запуска службы: name 'config_path' is not defined
2025-09-29 18:49:11,242 - ERROR - Traceback (most recent call last):
  File "X:\works_project\screenshoter\main.py", line 46, in start
    self.scheduler = ScreenshotScheduler()
                     ^^^^^^^^^^^^^^^^^^^^^
  File "X:\works_project\screenshoter\task_scheduler.py", line 42, in __init__
    self.config_manager = ConfigManager(config_path)
                                        ^^^^^^^^^^^
NameError: name 'config_path' is not defined

2025-09-29 18:49:11,242 - ERROR - Не удалось запустить службу
2025-09-29 18:49:11,242 - INFO - Остановка ScreenshotService
2025-09-29 18:49:11,242 - INFO - ScreenshotService остановлен
2025-09-29 18:49:11,242 - INFO - === Служба завершена ===
2025-09-29 18:51:19,360 - INFO - Логирование настроено успешно
2025-09-29 18:51:19,360 - INFO - === Запуск Screenshot Service ===
2025-09-29 18:51:19,360 - INFO - Инициализация ScreenshotService...
2025-09-29 18:51:19,633 - ERROR - Ошибка запуска службы: name 'config_path' is not defined
2025-09-29 18:51:19,634 - ERROR - Traceback (most recent call last):
  File "X:\works_project\screenshoter\main.py", line 46, in start
    self.scheduler = ScreenshotScheduler()
                     ^^^^^^^^^^^^^^^^^^^^^
  File "X:\works_project\screenshoter\task_scheduler.py", line 42, in __init__
    self.config_manager = ConfigManager(config_path)
                                        ^^^^^^^^^^^
NameError: name 'config_path' is not defined

2025-09-29 18:51:19,634 - ERROR - Не удалось запустить службу
2025-09-29 18:51:19,635 - INFO - Остановка ScreenshotService
2025-09-29 18:51:19,635 - INFO - ScreenshotService остановлен
2025-09-29 18:51:19,635 - INFO - === Служба завершена ===
2025-09-29 18:53:27,758 - INFO - Логирование настроено успешно
2025-09-29 18:53:27,758 - INFO - === Запуск Screenshot Service ===
2025-09-29 18:53:27,758 - INFO - Инициализация ScreenshotService...
2025-09-29 18:53:28,024 - ERROR - Ошибка запуска службы: name 'config_path' is not defined
2025-09-29 18:53:28,024 - ERROR - Traceback (most recent call last):
  File "X:\works_project\screenshoter\main.py", line 46, in start
    self.scheduler = ScreenshotScheduler()
                     ^^^^^^^^^^^^^^^^^^^^^
  File "X:\works_project\screenshoter\task_scheduler.py", line 42, in __init__
    self.config_manager = ConfigManager(config_path)
                                        ^^^^^^^^^^^
NameError: name 'config_path' is not defined

2025-09-29 18:53:28,024 - ERROR - Не удалось запустить службу
2025-09-29 18:53:28,025 - INFO - Остановка ScreenshotService
2025-09-29 18:53:28,025 - INFO - ScreenshotService остановлен
2025-09-29 18:53:28,025 - INFO - === Служба завершена ===
2025-09-29 18:55:36,155 - INFO - Логирование настроено успешно
2025-09-29 18:55:36,156 - INFO - === Запуск Screenshot Service ===
2025-09-29 18:55:36,156 - INFO - Инициализация ScreenshotService...
2025-09-29 18:55:36,451 - ERROR - Ошибка запуска службы: name 'config_path' is not defined
2025-09-29 18:55:36,452 - ERROR - Traceback (most recent call last):
  File "X:\works_project\screenshoter\main.py", line 46, in start
    self.scheduler = ScreenshotScheduler()
                     ^^^^^^^^^^^^^^^^^^^^^
  File "X:\works_project\screenshoter\task_scheduler.py", line 42, in __init__
    self.config_manager = ConfigManager(config_path)
                                        ^^^^^^^^^^^
NameError: name 'config_path' is not defined

2025-09-29 18:55:36,452 - ERROR - Не удалось запустить службу
2025-09-29 18:55:36,452 - INFO - Остановка ScreenshotService
2025-09-29 18:55:36,452 - INFO - ScreenshotService остановлен
2025-09-29 18:55:36,452 - INFO - === Служба завершена ===
2025-09-29 18:57:44,634 - INFO - Логирование настроено успешно
2025-09-29 18:57:44,634 - INFO - === Запуск Screenshot Service ===
2025-09-29 18:57:44,634 - INFO - Инициализация ScreenshotService...
2025-09-29 18:57:45,064 - ERROR - Ошибка запуска службы: name 'config_path' is not defined
2025-09-29 18:57:45,072 - ERROR - Traceback (most recent call last):
  File "X:\works_project\screenshoter\main.py", line 46, in start
    self.scheduler = ScreenshotScheduler()
                     ^^^^^^^^^^^^^^^^^^^^^
  File "X:\works_project\screenshoter\task_scheduler.py", line 42, in __init__
    self.config_manager = ConfigManager(config_path)
                                        ^^^^^^^^^^^
NameError: name 'config_path' is not defined

2025-09-29 18:57:45,072 - ERROR - Не удалось запустить службу
2025-09-29 18:57:45,073 - INFO - Остановка ScreenshotService
2025-09-29 18:57:45,073 - INFO - ScreenshotService остановлен
2025-09-29 18:57:45,073 - INFO - === Служба завершена ===
